,Name,Image,Calories,Blue Points,Green Point,Purple Point,Summary
0,Herb and Salt-Rubbed Dry Brine Turkey,https://www.skinnytaste.com/wp-content/uploads/2019/11/dry-brine-turkey-9-260x390.jpg,225,0,2,0,"This Herb and Salt-Rubbed Dry Brined Turkey comes out so moist and flavorful, with crispy golden skin and juicy tender meat. Herb and Salt-Rubbed Dry Brine Turkey Want an..."
1,Apple Cranberry Crumble,https://www.skinnytaste.com/wp-content/uploads/2011/12/Apple-Cranberry-Crumble_-5-260x390.jpg,211,8,8,8,"Apple Cranberry Crumble is delicious and perfect for your Holiday table! Easier and lighter than making a pie, topped with oats, nuts and a touch of brown sugar. Apple..."
2,Stuffed Turkey Breast with Cranberry Stuffing,https://www.skinnytaste.com/wp-content/uploads/2020/10/Stuffed-Turkey-Breast-with-Cranberry-Stuffing-11-260x390.jpg,484,9,9,9,Stuffed Turkey Breast with Cranberry Stuffing and gravy – the perfect Thanksgiving meal for this year’s holiday. Stuffed Turkey Breast with Cranberry Stuffing This Stuffed Turkey Breast with Cranberry...
3,Slow Cooker Butternut Pear Soup,https://www.skinnytaste.com/wp-content/uploads/2020/11/Slow-Cooker-Butternut-Pear-5-260x390.jpg,132,2,2,2,This Slow Cooker Butternut Pear Soup with a hint of ginger is vegan and dairy-free and so simple to make. Great as a starter or serve it as a...
4,Chicken Parmesan Rolls,https://www.skinnytaste.com/wp-content/uploads/2020/11/Chicken-Parm-Rolls-9-260x390.jpg,259,5,8,5,"These protein packed Chicken Parmesan Rolls (also know as chicken rolls) are wrapped in my easy pizza dough with marinara and mozzarella cheese, so good! Chicken Parmesan Rolls Here..."
5,Turkey Pot Pie with Stuffing Crust,https://www.skinnytaste.com/wp-content/uploads/2019/11/Turkey-Pot-Pie-with-Stuffing-Crust-7-260x390.jpg,390,4,8,4,"Turkey Pot Pie with Stuffing Crust is a fun twist on a turkey pot pie, made with diced turkey and veggies simmered in a creamy sauce and finished with a..."
6,Lightened Up Green Bean Casserole,https://www.skinnytaste.com/wp-content/uploads/2012/11/Lightened-Up-Green-Bean-Casserole-6-260x390.jpg,160,3,3,3,"This holiday season enjoy a lighter, healthier version of the classic green bean casserole recipe made from scratch with no canned soup. Green Bean Casserole You will love this..."
7,Smashed Sweet Potatoes,https://www.skinnytaste.com/wp-content/uploads/2020/11/Savory-Smashed-Sweet-Potatoes-7-260x390.jpg,206,6,6,2,"Smashed Sweet Potatoes, seasoned with thyme are smashed after roasting and then sprinkled with Parmesan for a savory-sweet side dish. Smashed Sweet Potatoes These Savory Smashed Sweet Potatoes are..."
8,Pumpkin Pistachio Energy Balls,https://www.skinnytaste.com/wp-content/uploads/2020/11/Pumpkin-Pistachio-Energy-Balls-5-260x390.jpg,138,6,6,6,"These no-bake Pumpkin Pistachio Energy Balls literally taste like little bites of pumpkin pie. Made with cashews, pistachios, dates, pumpkin and spices. Pumpkin Pistachio Energy Balls You can whip..."
9,Crustless Sausage and Spinach Quiche,https://www.skinnytaste.com/wp-content/uploads/2020/11/Sausage-and-Spinach-Quiche-6-260x390.jpg,233,5,6,5,"This Crustless Sausage and Spinach Quiche with Italian chicken sausage, spinach and cheese is an easy and healthy recipe for breakfast, brunch, or dinner. Crustless Sausage and Spinach Quiche..."
10,Meatloaf and Brown Gravy,https://www.skinnytaste.com/wp-content/uploads/2020/10/Meatloaf-and-Gravy-8-260x390.jpg,278,7,7,5,"This Meatloaf and Brown Gravy is a family favorite, this one is made a bit healthier than most, with a mix of half beef and ground turkey plus nutritious..."
11,Air Fryer Herbed Buttermilk Roast Chicken Breast,https://www.skinnytaste.com/wp-content/uploads/2020/10/Air-Fryer-Herbed-Buttermilk-Roast-Chicken-Breast-9-260x390.jpg,243,6,6,6,"Air fryer bone-in, skin-on chicken breast brined in buttermilk and seasoned with a mix of herbs and spices makes for perfectly juicy chicken. Air Fryer Herbed Buttermilk Chicken Breast..."
12,Vegetarian Mushroom Kale Lasagna Rolls,https://www.skinnytaste.com/wp-content/uploads/2012/11/Mushroom-Kale-Lasagna-Rolls-11-260x390.jpg,258,6,7,6,"Mushroom Kale Lasagna Rolls are one of the tastiest ways to enjoy kale! They are quick, easy and perfectly portioned. Mushroom Kale Lasagna Rolls These rolls are a deliciously..."
13,Pizza Sausage Rolls,https://www.skinnytaste.com/wp-content/uploads/2020/10/Pizza-Sausage-Rolls-12-260x390.jpg,302,8,9,8,"Pizza Sausage Rolls wrapped in bagel dough with Italian chicken sausage, marinara and mozzarella make a fun recipe your whole family will love. Pizza Sausage Rolls I’m excited to..."
14,Slow Cooker Chicken Enchilada Stuffed Sweet Potatoes,https://www.skinnytaste.com/wp-content/uploads/2020/10/Enchilada-Chicken-Stuffed-Sweet-Potatoes-2-4-260x390.jpg,413,8,10,3,"These Slow Cooker Chicken Enchilada Stuffed Sweet Potatoes made with chicken breast, cheese and enchiladas sauce are an easy one-pot meal! Slow Cooker Chicken Enchilada Sweet Potatoes If you’re..."
15,Roasted Honeynut Squash with Maple and Pecans,https://www.skinnytaste.com/wp-content/uploads/2020/10/Roasted-Maple-Pecan-Honeynut-8-260x390.jpg,205,3,3,3,Roasted Roasted Honeynut Squash with Maple and Pecans is the perfect fall side dish! Sweeter and smaller than butternut and so much quicker to make. Roasted Honeynut Squash I’m...
16,Pastrami Reuben Egg Rolls,https://www.skinnytaste.com/wp-content/uploads/2020/10/Pastrami-Reuban-Eggrolls-7-260x390.jpg,360,8,8,8,"Golden, crisp Pastrami Reuben Egg Rolls with Russian Dressing, made healthier by cooking in the air fryer or baking in the oven, taste so good! Reuben Egg Rolls A..."
17,Detox Vegetable Soup,https://www.skinnytaste.com/wp-content/uploads/2020/10/detox-vegetable-soup-5-260x390.jpg,293,5,7,5,"This dairy-free, creamy Detox Vegetable Soup is not only easy to make, it’s also LOADED with nutrient-rich goodness! Detox Vegetable Soup It’s made with two heads of broccoli, lentils,..."
18,Pumpkin Pie Dip,https://www.skinnytaste.com/wp-content/uploads/2015/11/Pumpkin-Pie-Dip-5-260x390.jpg,105,4,5,4,"Pumpkin Pie Dip is everything you love about pumpkin pie, made into a easy, light and fluffy no bake dip. Perfect for dipping apple wedges, graham crackers or gingersnaps...."
19,Broccoli and Cheese Twice Baked Potatoes,https://www.skinnytaste.com/wp-content/uploads/2013/01/Twice-Baked-Potatoes-with-Broccoli-and-Cheese-2-260x367.jpg,146.5,3,3,2,"These twice baked potatoes are so cheesy, stuffed with broccoli and cheese plus some hidden cauliflower, but trust me no one will know! Twice Baked Potatoes Loaded baked potatoes..."
20,Skinny Pumpkin Snickerdoodles,https://www.skinnytaste.com/wp-content/uploads/2013/09/Skinny-Pumpkin-Spiced-Snickerdoodles-6-260x390.jpg,51,3,3,3,"These Skinny Pumpkin Snickerdoodle cookies should really come with a warning label, because they are so good and hard to stop at just one! Pumpkin Snickerdoodles A snickerdoodle is..."
21,Sweet and Spicy Glazed Salmon,https://www.skinnytaste.com/wp-content/uploads/2020/10/Sweet-and-Spicy-Sheet-Pan-Salmon-6-260x390.jpg,202,1,4,1,"Sweet and Spicy Glazed Salmon is super easy, baked on a sheet pan with a simple glaze made with sweet red chili sauce, sriracha, and ginger. Sweet and Spicy..."
22,Mushroom Stroganoff,https://www.skinnytaste.com/wp-content/uploads/2012/09/Mushroom-Stroganoff-3-260x390.jpg,268,9,10,9,"This healthy mushroom stroganoff made with shiitake, baby portabella, and cremini mushrooms and noodles in a light creamy sauce is a quick and easy meal, perfect for Meatless Mondays!..."
23,Chicken Taco Poblano Rice Bowls,https://www.skinnytaste.com/wp-content/uploads/2020/09/Chicken-Taco-Poblano-Rice-Bowls-6-260x390.jpg,475,8,11,3,"These quick and easy Chicken Taco Poblano Rice Bowls are perfect for dinner or to make ahead for meal prep! Made in a skillet, with diced chicken breast, poblano..."
24,Lemon Blueberry Buttermilk Sheet Pan Pancakes,https://www.skinnytaste.com/wp-content/uploads/2020/09/Lemon-Blueberry-Buttermilk-Sheet-Pancakes-2-260x390.jpg,214,6,6,6,Sheet Pan Pancakes – essentially a giant pancake baked in the oven – is the most genius way of making pancakes! Lemon Blueberry Sheet Pan Pancakes This breakfast recipe...
25,Citrus Immunity Shot,https://www.skinnytaste.com/wp-content/uploads/2020/09/Citrus-Immunity-Booster-6-260x390.jpg,25,1,1,1,"This super-simple-to-prepare, Citrus Immunity Shot recipe is made with immune-boosting citrus, turmeric, and garlic, a delicious way to start your day! Citrus Immunity Shot This wellness shot recipe nourishes,..."
26,Turkey Meatball Tortellini Soup with Spinach,https://www.skinnytaste.com/wp-content/uploads/2014/02/Turkey-Meatball-Spinach-Tortellini-Soup-10-260x390.jpg,271,6,6,6,"This turkey meatball tortellini soup with spinach is an easy, kid-friendly soup and a great way to warm up on a cold winter night. One large bowl is under..."
27,Roasted Seasoned Winter Squash Medley,https://www.skinnytaste.com/wp-content/uploads/2015/10/RoastedWinterSquashMedley-260x390.jpg,140,3,3,3,"Roasted Seasoned Winter Squash Medley is seasoned with a savory, sweet, spicy and smoky seasoning blend. SO good and a huge hit with my husband! Roasted Seasoned Winter Squash..."
28,5 Tips For Organizing Your Refrigerator,https://www.skinnytaste.com/wp-content/uploads/2020/09/Spicy-Pork-Brussels-Bowl_-3-260x390.jpg,280.5,2,4,2,"5 Tips For Organizing Your Refrigerator for easy meal prep to save time and money, so food stays fresh all week. 5 Tips For Organizing Your Fridge You’ve decided..."
29,Spicy Pork Brussels Bowls,https://www.skinnytaste.com/wp-content/uploads/2020/09/Portobello-Mushroom-Burger-6-260x390.jpg,229,9,9,9,"Spicy Pork Brussels Bowls are a delicious low-carb meal, made with shredded brussels sprouts as the base, smoky ground pork, and an egg on top! Spicy Pork Brussels Bowls..."
30,Portobello Burger with Mozzarella and Pesto Mayo,https://www.skinnytaste.com/wp-content/uploads/2020/09/Dominican-Beans-10-260x390.jpg,158,1,4,1,"These grilled Portobello Mushroom Burgers topped with mozzarella, red peppers, and pesto mayo, are delicious and an excellent vegetarian burger option. Portobello Burger with Mozzarella Who doesn’t love a..."
31,Dominican Beans (Habichuelas Guisadas),https://www.skinnytaste.com/wp-content/uploads/2009/08/Sautéed-Zucchini-and-Plum-Tomatoes-6-260x390.jpg,92,2,2,2,"These creamy Dominican beans, flavored with garlic, onion, cubanelle pepper, and adobo seasoning, cooked in the Instant Pot or pressure cooker, make the perfect vegetarian side or meatless main..."
32,Sautéed Zucchini with Plum Tomatoes,https://www.skinnytaste.com/wp-content/uploads/2020/08/Caprese-Chicken-Skillet-4-260x390.jpg,419,7,10,7,Sautéed Zucchini with Plum Tomatoes is a quick and delicious summer side dish made with simple ingredients. Sautéed Zucchini with Plum Tomatoes This simple side dish recipe is a...
33,Caprese Chicken Skillet,https://www.skinnytaste.com/wp-content/uploads/2009/08/Blueberry-Peach-Crisp-7-260x390.jpg,203,8,8,7,"This caprese chicken skillet is topped with a honey balsamic reduction and fresh basil, the perfect way to use fresh summer tomatoes. Caprese Chicken Skillet The classic Italian combination..."
34,Blueberry Peach Crisp,,,,,,"This Blueberry Peach Crisp is a wonderful summer dessert loaded with fruit, and a lightly sweetened crisp oat topping. Blueberry Peach Crisp I’m a sucker for pies, crisps and..."
35,Skinnytaste Meal Prep Cookbook: Free Bonus Pack with 3 Exclusive Recipes with Pre-Order,https://www.skinnytaste.com/wp-content/uploads/2020/08/Skinnytaste-Meal-Prep-Bonus-Recipes-1-2-260x390.jpg,256,7,7,7,I’m beyond exciting that in just a few short weeks my new cookbook Skinnytaste Meal Prep will finally be hitting bookstores!! Free Bonus Pack + 3 Exclusive Recipes This...
36,Whipped Ricotta Toast with Roasted Tomatoes,https://www.skinnytaste.com/wp-content/uploads/2020/08/Whipped-Ricotta-Toast-10-260x390.jpg,102,4,4,4,"Whipped Ricotta Toast with Roasted Tomatoes on crusty bread and topped with garlicky tomatoes, shallots, and basil is the perfect way to enjoy fresh summer tomatoes. Whipped Ricotta Toast..."
37,Skillet Mexican Zucchini,https://www.skinnytaste.com/wp-content/uploads/2013/08/Mexican-Skillet-Zucchini-260x390.jpg,71,3,3,3,"Skillet Mexican Zucchini is incredibly delicious with a little bit of a kick from the jalapeño topped with melted queso blanco. So easy and quick, a must try! Mexican..."
38,Raspberry Yogurt Ice Pops,https://www.skinnytaste.com/wp-content/uploads/2020/08/Raspberry-Yogurt-Pops-10-260x390.jpg,228,3,3,3,"These easy, healthy Raspberry Yogurt Ice Pops, made with just three ingredients, are a wonderful treat on a hot summer day. Raspberry Yogurt Ice Pops These 3-ingredient Raspberry Yogurt..."
39,Cauliflower Gnocchi,https://www.skinnytaste.com/wp-content/uploads/2020/08/Cauliflower-Gnocchi-11-260x390.jpg,543,9,9,9,This delicious Cauliflower Gnocchi is made with cauliflower instead of traditional potatoes. No need for a Trader Joe’s run – make them from scratch with just three ingredients! Cauliflower...
40,Ratatouille Baked Chicken,https://www.skinnytaste.com/wp-content/uploads/2020/03/Ratatouille-Baked-Chicken-5-260x390.jpg,190.5,7,8,7,Ratatouille Baked Chicken takes a classic French dish and turns it into a family-friendly comfort food dish loaded with veggies. Ratatouille Baked Chicken This one pot baked chicken and...
41,Chocolate Zucchini Bread,https://www.skinnytaste.com/wp-content/uploads/2009/08/Chocolate-Zucchini-Bread-7-260x390.jpg,330,7,9,2,This healthy Chocolate Zucchini Bread is so rich and moist that no one will ever know there’s zucchini in it. With walnut in every bite! Chocolate Zucchini Bread All...
42,Spaghetti with Sauteed Chicken and Grape Tomatoes,https://www.skinnytaste.com/wp-content/uploads/2009/08/Spaghetti-with-Sauteed-Chicken-and-Grape-Tomatoes-3-260x390.jpg,168,7,7,7,"Spaghetti with Sauteed Chicken and Grape Tomatoes, a pasta inspired by the abundance of tomatoes and basil in my garden this year. Spaghetti with Chicken and Grape Tomatoes Each..."
43,Easy Blueberry Buttermilk Cake,https://www.skinnytaste.com/wp-content/uploads/2012/05/Easy-Blueberry-Buttermilk-Cake-6-260x390.jpg,,,,,"This light and Easy Blueberry Buttermilk Cake loaded with fresh, juicy blueberries in a lightly sweetened, moist buttermilk cake is ideal for summer. Easy Blueberry Buttermilk Cake I know..."
44,Greek Turkey Burgers,https://www.skinnytaste.com/wp-content/uploads/2020/07/Greek-Turkey-Burgers-6-260x390.jpg,255,6,6,6,"These Greek Turkey Burgers, mixed with Kalamata olives, feta, and spinach,combine all my favorite Greek flavors and can be served with or without the bun. Greek Turkey Burgers These..."
45,Crustless Quiche Lorraine,https://www.skinnytaste.com/wp-content/uploads/2020/07/Crustless-Quiche-Lorraine-9-260x390.jpg,205,5,7,5,"This easy Crustless Quiche Lorraine with bacon and Gruyere is a lighter take on the classic, made lighter without the crust. Crustless Quiche Lorraine I love making crustless quiche..."
46,Flourless Chocolate Zucchini Brownies,https://www.skinnytaste.com/wp-content/uploads/2020/07/Flourless-Zucchini-Brownies-12-260x390.jpg,179,7,7,7,"These Flourless Zucchini Brownies are so fudgy and rich, loaded with chocolate chips plus zucchini which makes them extra moist! Flourless Zucchini Brownies Occasionally I share lightened up dessert..."
47,Foil Packet Spice Rubbed Fish with Watermelon Salsa,https://www.skinnytaste.com/wp-content/uploads/2020/06/Foil-Packet-Spice-Rubbed-Fish-with-Watermelon-Salsa-9-260x390.jpg,314,3,5,3,"Spice Rubbed Fish is zesty and so flavorful, the refreshing watermelon salsa is the perfect compliment. Cooked in foil on the grill or the oven! Foil Packet Fish with..."
48,Easy Crustless Spinach and Feta Pie,https://www.skinnytaste.com/wp-content/uploads/2018/03/Easy-Crustless-Spinach-and-Feta-Pie-8-260x390.jpg,126,2,4,3,"This Easy Crustless Spinach and Feta Pie is savory and delicious filled with spinach, Feta and Asiago cheese, dill and scallions. Perfect to bring to a potluck! Easy Crustless..."
49,Air Fryer Fried Shrimp Sandwich with Tartar Sauce,https://www.skinnytaste.com/wp-content/uploads/2020/07/Air-Fryer-Shrimp-Sandwich-9-260x390.jpg,352,7,8,7,"Air Fryer Shrimp Sandwich is made with crispy shrimp served on a soft potato bun with lettuce and homemade tartar sauce, the perfect summer sandwich. Fried Shrimp Sandwich with..."
50,"Caramelized Onion, Red Pepper and Zucchini Frittata",https://www.skinnytaste.com/wp-content/uploads/2012/03/Caramelized-Onion-Red-Pepper-and-Zucchini-Frittata-14-260x390.jpg,186,2,5,2,"Caramelized onions, sautéed red bell peppers and zucchini mixed with Parmesan creates a easy frittata perfect for breakfast, lunch or dinner! Caramelized Onion, Pepper, Zucchini Frittata Frittatas are a..."
51,Salmon Croquettes with Dill Sauce,https://www.skinnytaste.com/wp-content/uploads/2020/07/Salmon-Croquettes-6-260x390.jpg,278,3,6,3,These low-carb Salmon Croquettes with Dill Sauce are healthier than traditional deep-fried ones and use only egg as a binder rather than breadcrumbs or crackers. Salmon Croquettes with Dill...
52,Grilled Chicken with Spinach and Melted Mozzarella,https://www.skinnytaste.com/wp-content/uploads/2011/03/Grilled-Chicken-with-Spinach-and-Melted-Mozzarella-10-260x390.jpg,195,1,3,1,"Grilled chicken topped with spinach, melted mozzarella and roasted peppers – a quick and easy chicken dish your family will love! Grilled Chicken with Spinach and Mozzarella This chicken..."
53,Gnocchi with Grilled Chicken in Roasted Red Pepper Sauce,https://www.skinnytaste.com/wp-content/uploads/2020/07/Gnocchi-with-Grilled-Chicken-and-Roasted-Red-Pepper-Sauce-15-260x390.jpg,377,8,10,8,"Gnocchi with Grilled Chicken in a creamy, light roasted red pepper sauce, baby spinach, and Pecorino Romano will make people think you’re a gourmet cook! Gnocchi in Roasted Red..."
54,The Best Baba Ganoush,https://www.skinnytaste.com/wp-content/uploads/2020/07/Baba-Ghanoush-4-260x390.jpg,140,3,3,3,"This is the The Best Baba Ganoush recipe, a smoky Middle Eastern eggplant dip made with charred eggplant, tahini, lemon juice, and olive oil. The Best Baba Ganoush Baba..."
55,Sausage Stuffed Zucchini Boats,https://www.skinnytaste.com/wp-content/uploads/2015/06/Sausage-stuffed-zucchini-boats-260x390.jpg,153,4,4,4,"Sausage Stuffed Zucchini Boats are perfect for summer zucchinis, stuffed with lean Italian chicken sausage, then topped with marinara sauce and mozzarella cheese. Sausage Stuffed Zucchini Boats You can..."
56,Vegetarian Black Bean Tacos,https://www.skinnytaste.com/wp-content/uploads/2020/06/Crunchy-Black-Bean-Tacos-6-260x390.jpg,367,9,11,9,Vegetarian Black Bean Tacos served in crunchy corn shells and filled with classic taco toppings are so good that you definitely won’t miss the meat. Vegetarian Black Bean Tacos...
57,Grilled Chicken Kabobs with Cucumber Yogurt Sauce,https://www.skinnytaste.com/wp-content/uploads/2020/06/Chicken-Kabobs-9-260x390.jpg,266,2,5,2,These Lebanese-inspired Grilled Chicken Kabobs are seasoned with za’atar and served with a cool Laban Cucumber Yogurt Sauce. Grilled Chicken Kabobs with Yogurt Sauce These Grilled Chicken Kabobs are...
58,Broccoli Beef,https://www.skinnytaste.com/wp-content/uploads/2020/06/Beef-Broccoli-1-1-260x390.jpg,315,7,7,7,This Broccoli Beef satisfies my craving for Chinese takeout but with less oil and sugar than what you’ll find at most restaurants. Broccoli Beef One of my favorite types...
59,Grilled Crab Legs,https://www.skinnytaste.com/wp-content/uploads/2020/06/Grilled-King-Crab-Legs-4-260x390.jpg,144,0,5,0,"Grilled Crab Legs is such a treat in the summer, this foolproof recipe is so easy and works with king crab legs, Dungeness crab legs and snow crab legs!..."
60,Zesty Lime Grilled Chicken with Pineapple Salsa,https://www.skinnytaste.com/wp-content/uploads/2020/06/Healthyish-Foods-Grilled-Chicken-Paillard_-260x390.jpg,395,4,8,4,"Zesty Lime Grilled Chicken with Pineapple Salsa is made with grilled chicken breasts – fresh and flavorful, perfect for weeknight summer dinners. Zesty Lime Grilled Chicken Grilled chicken in..."
61,Jamaican Beef Patties,https://www.skinnytaste.com/wp-content/uploads/2020/06/Jamaican-Beef-Patties-13-260x390.jpg,191,6,6,6,"Jamaican Beef Patties are filled with spicy beef, seasoned with paprika and allspice and wrapped in a buttery, yellow crust flavored with turmeric. Jamaican Beef Patties Jamaican Beef Patties..."
62,Skinnytaste Meal Prep: Cookbook Cover Reveal,https://www.skinnytaste.com/wp-content/uploads/2020/06/Skinnytaste-Meal-Prep-Cookbook-1-260x390.jpg,125,4,4,4,"I’m beyond thrilled to give you a sneak peak of my fifth cookbook, Skinnytaste Meal Prep: Healthy Make-Ahead Meals and Freezer Recipes to Simplify Your Life: A Cookbook. Skinnytaste Meal..."
63,Macaroni Salad with Tomatoes,https://www.skinnytaste.com/wp-content/uploads/2009/05/Macaroni-Salad-with-Tomatoes-8-260x390.jpg,109,3,3,3,This lighter version of Macaroni Salad with tomatoes and black olives is the perfect side dish for any summer BBQ. Macaroni Salad with Tomatoes When the weather starts to...
64,Boozy Watermelon Lime Granita,https://www.skinnytaste.com/wp-content/uploads/2020/06/Boozy-Watermelon-Lime-Granita-6-260x390.jpg,315,4,8,4,"This Boozy Watermelon Lime Granita is part cocktail, part dessert. The perfect, frozen adult treat for hot summer days. Boozy Watermelon Lime Granita Sweet, juicy watermelons are one of..."
65,Omelet Tortilla Breakfast Wrap,https://www.skinnytaste.com/wp-content/uploads/2020/06/Spinach-and-Mushroom-Omelet-Wrap-1-260x390.jpg,236,6,7,6,This Omelet Tortilla Breakfast Wrap takes a classic omelet and cooks it with a tortilla right in the skillet. Then simply roll it up and you have an easy...
66,Margherita Pizza,https://www.skinnytaste.com/wp-content/uploads/2020/05/Margherita-Pizza-1-4-260x390.jpg,272,5,6,5,"Easy Margherita Pizza made from scratch with my yeast-free, thin crust pizza dough topped with a simple raw tomato sauce, fresh mozzarella cheese, and basil. Easy Margherita Pizza “One..."
67,Banana Pancake Cereal,https://www.skinnytaste.com/wp-content/uploads/2020/05/Healthy-Pancake-Cereal-5-260x390.jpg,351,7,8,7,"Mini Pancake Cereal is the latest Tiktok trend, so versatile you can serve them with anything you want! I made them healthier with my banana pancake recipe and topped..."
68,Turkey Club,https://www.skinnytaste.com/wp-content/uploads/2020/05/Turkey-Club-Sandwich-9-260x390.jpg,318,7,8,4,"A classic Turkey Club sandwich made healthy, piled high with turkey breast, bacon, lettuce, and tomato on whole grain bread, the perfect easy lunch. Turkey Club The other day..."
69,Tuna Noodle Casserole,https://www.skinnytaste.com/wp-content/uploads/2013/10/Tuna-Noodle-Casserole-7-260x390.jpg,209,5,7,4,"Homemade classic tuna noodle casserole, the quintessential American dish made from scratch and under $10 to make, the kids love it! Tuna Noodle Casserole The ingredients are simple –..."
70,Clam Chowder Lightened Up,https://www.skinnytaste.com/wp-content/uploads/2009/08/Clam-Chowder-7-260x390.jpg,,,,,"This lighter Clam Chowder, full of canned clams, potatoes, and corn, is still creamy but with less fat than most other versions. This thick and creamy chowder is lighter..."
71,BBQ Chicken Foil Packets,https://www.skinnytaste.com/wp-content/uploads/2020/05/BBQ-Chicken-Foil-Packets-10-260x390.jpg,241,8,10,8,"These easy 5-ingredient BBQ Chicken Foil Packets can be baked in the oven or made on the grill! An easy meal-in-one and the best part, easy cleanup! BBQ Chicken..."
72,Open-Faced Tuna Melt Sandwich Recipe,https://www.skinnytaste.com/wp-content/uploads/2010/08/Skinny-Tuna-Melt-6-260x390.jpg,231,4,5,4,Open Faced Tuna Melt is the ultimate sandwich for all you tuna lovers! Serving them open faced is an easy way to make them healthier and cut the calories....
73,Greek Pasta Salad,https://www.skinnytaste.com/wp-content/uploads/2019/06/Greek-Pasta-Salad-6-260x390.jpg,176,5,5,5,"This Greek Pasta Salad is light and fresh, loaded with garden tomatoes, bell peppers and cucumbers tossed in a homemade Greek dressing with Kalamata olives and Feta cheese. Perfect..."
74,Carne Guisada (Latin Beef Stew),https://www.skinnytaste.com/wp-content/uploads/2011/11/Carne-Guisada-Latin-Beef-Stew-7-260x390.jpg,234,7,7,6,"Carne Guisada or Latin Beef Stew is made with chunks of beef simmered in beer with scallions, garlic, tomatoes, cumin and cilantro. Carne Guisada (Latin Beef Stew) I get..."
75,Paprika Chicken Stew,https://www.skinnytaste.com/wp-content/uploads/2020/04/Paprika-Chicken-Stew-9-260x390.jpg,361,7,7,7,"Paprika Chicken Stew is an easy weeknight dish made with chicken pieces on the bone, bell peppers, and lots of Hungarian paprika. Paprika Chicken Stew This dish has comfort..."
76,Weeknight Seafood Paella,https://www.skinnytaste.com/wp-content/uploads/2020/05/Weeknight-Paella-5-260x390.jpg,263,9,10,9,"This easy seafood paella, made with shrimp, clams and chorizo is a delicious one-pot weeknight dish! Under 30 minutes too cook! Seafood Paella This clam and shrimp paella with..."
77,Skinny Hummingbird Cupcakes,https://www.skinnytaste.com/wp-content/uploads/2012/05/Skinny-Hummingbird-Cupcakes-5-260x390.jpg,198,7,8,6,"These super moist hummingbird cupcakes are light, full of pineapple, chopped bananas, pecans, cinnamon and spices topped off with a sweet cream cheese frosting. Skinny Hummingbird Cupcakes Instead of..."
78,Baked Eggplant Sticks,https://www.skinnytaste.com/wp-content/uploads/2013/07/Baked-Eggplant-Sticks-8-260x390.jpg,87,3,3,3,"These Baked Eggplant Sticks are breaded with Italian breadcrumbs and Parmesan, baked or air-fried until golden, and served with a quick marinara sauce. Baked Eggplant Sticks These crispy baked..."
79,Spinach and Quinoa Patties,https://www.skinnytaste.com/wp-content/uploads/2013/06/Quinoa-and-Spinach-Patties-6-260x390.jpg,236,5,6,3,"These spinach and quinoa patties are delicious, vegetarian and packed with protein and nutrients! They almost make me think I’m eating a chicken cutlet or meatball, without the meat...."
80,Slow Cooker Chicken Tacos,https://www.skinnytaste.com/wp-content/uploads/2020/04/Slow-Cooker-Chicken-Tacos-6-260x390.jpg,474,7,10,7,"These easy Slow Cooker Chicken Tacos made in the crock pot with chicken breast, salsa, and spices are on repeat in my house! Slow Cooker Chicken Tacos Chicken tacos..."
81,Tuna Salad Endive Wraps,https://www.skinnytaste.com/wp-content/uploads/2008/12/Tuna-Salad-Endive-Wraps-7-260x390.jpg,160,1,2,1,"Tuna Salad loaded with veggies like celery and broccoli, served in endive leaves make a quick and easy, low-carb lunch. Tuna Salad Wraps I love tuna salad with chopped..."
82,Lightened Up Blueberry Scones,https://www.skinnytaste.com/wp-content/uploads/2008/12/Blueberry-Scones-3-260x390.jpg,216,7,8,7,"Blueberry scones, warm right out of the oven make the perfect Sunday morning breakfast along with a hot cup of tea. Blueberry Scones I love scones so much that..."
83,Homemade Rice Pilaf (healthy rice-a-roni),https://www.skinnytaste.com/wp-content/uploads/2020/04/Brown-Rice-Pilaf-7-260x390.jpg,87,6,6,2,"This simple rice pilaf with brown rice and angel hair pasta is a healthy, homemade version of Rice-A-Roni that makes the perfect side dish. Rice Pilaf (Healthy Rice-A-Roni) I..."
84,Sheet Pan Turkey Meatloaf and Broccoli,https://www.skinnytaste.com/wp-content/uploads/2020/04/Sheet-Pan-Turkey-Meatloaf-and-Broccoli-8-260x390.jpg,335,9,10,8,Sheet Pan Turkey Meatloaf and Broccoli made with individual loaves cooked on a foil-lined sheet pan for a quick meal with easy cleanup. Sheet Pan Turkey Meatloaf and Broccoli...
85,Instant Pot Cilantro Lime Rice,https://www.skinnytaste.com/wp-content/uploads/2009/03/Cilantro-Lime-Rice-7-260x390.jpg,194,6,6,6,This Instant Pot Cilantro Lime Rice is perfect in your favorite Chipotle burrito bowl or as a side with tacos or enchiladas. Instant Pot Cilantro Lime Rice I took my...
86,Instant Pot Refried Beans,https://www.skinnytaste.com/wp-content/uploads/2018/10/Instant-Pot-Not-Fried-Pinto-Beans-Finals-9-260x390.jpg,50,0,3,0,"If you love the flavor of refried beans but would rather avoid the lard they are typically cooked in, you’ll love this easy, fat-free version made in the Instant..."
87,Lighter Baked Macaroni and Cheese,https://www.skinnytaste.com/wp-content/uploads/2010/05/Lighter-Baked-Macaroni-and-Cheese-6-260x390.jpg,261,10,10,6,This creamy baked macaroni and cheese recipe is a lighter version of the classic recipe with added fiber from spinach. It’s comfort food at its finest! Baked Macaroni and...
88,Air Fryer Chicken Tenders,https://www.skinnytaste.com/wp-content/uploads/2020/04/Crispy-Air-Fryer-Chicken-Tenders-4-260x390.jpg,291,3,7,3,"These crispy Air Fryer Chicken Tenders are golden and juicy, so easy to make and perfect for weeknight cooking! Air Fryer Chicken Tenders I made these tasty chicken strips..."
89,Orzo with Zucchini and Tomato,https://www.skinnytaste.com/wp-content/uploads/2020/04/Orzo-with-Zucchini-and-Tomato-5-260x390.jpg,144,6,6,6,"Orzo with Zucchini and Tomato is a quick and easy side dish that goes great with chicken, pork chops, or double the portion and enjoy it as a main..."
90,Tropical Mango Blueberry Lassi,https://www.skinnytaste.com/wp-content/uploads/2020/04/Tropical-Lassi-5-260x390.jpg,215,8,8,8,"Tropical Lassi is a healthy, Indian yogurt drink blended with frozen mango, tart blueberries and spices. Tropical Mango Blueberry Lassi A lassi technically is not a smoothie, more like..."
91,Egg Tomato and Scallion Sandwich,https://www.skinnytaste.com/wp-content/uploads/2014/04/egg-scallion-and-tomato-sandwich-260x390.jpg,213,4,6,4,"Sliced hard boiled eggs, juicy ripe tomatoes, chopped scallions with a touch of mayonnaise, salt and pepper – enjoy this egg sandwich for breakfast or lunch. Egg Tomato and..."
92,Skillet Mixed Berry Buttermilk Cobbler,https://www.skinnytaste.com/wp-content/uploads/2020/04/Skillet-Mixed-Berry-Buttermilk-Cobbler-6-260x390.jpg,151,5,5,5,"Skillet Mixed Berry Buttermilk Cobbler is made with blackberries, raspberries, and strawberries covered with a delicious biscuit topping and baked in a cast iron skillet. Skillet Mixed Berry Buttermilk..."
93,Hot Cross Buns,https://www.skinnytaste.com/wp-content/uploads/2018/03/hot-cross-buns-1-5-260x390.jpg,230,7,8,7,"Easy Hot Cross Buns using this easy dough from my Bagel Recipe. No yeast, no boiling, no fancy mixer. Bake them in the oven or in the air-fryer! Hot..."
94,Lebanese Lentil Soup,https://www.skinnytaste.com/wp-content/uploads/2020/04/Lebanese-Lentil-Soup-1-3-260x390.jpg,260,2,6,1,"Make a big pot of this healthy, vegetarian (and vegan) Lebanese Lentil Soup, made with green lentils, kale, sweet potato, ginger and lots of garlic and lemon. Lebanese Lentil..."
95,Baked Rice and Peas,https://www.skinnytaste.com/wp-content/uploads/2010/12/Baked-Rice-and-Peas-6-2-260x390.jpg,173,5,5,5,"This simple Baked Rice and Peas dish uses pantry and freezer staples, a great side dish to go along with shrimp or chicken. Baked Rice and Peas Easy peas-y..."
96,Banana Bread Muffin in a Mug,https://www.skinnytaste.com/wp-content/uploads/2020/04/Banana-Bread-Muffin-in-a-Mug-9-260x390.jpg,108,2,2,2,This easy Banana Bread Muffin in a Mug recipe is perfect when you want a quick breakfast for one in minutes! A great way to use up those brown...
97,Kale and Butternut Squash Salad with Pears and Almonds,https://www.skinnytaste.com/wp-content/uploads/2020/03/Sweetgreen-Winter-Squash-Salad-3-260x390.jpg,428,10,10,10,"Immune-boosting kale, squash, purple cabbage, arugula, almonds, basil and pears are all tossed in a tangy-sweet dressing. To add more protein, you could add grilled shrimp or salmon. Kale..."
98,Warm Curry Roasted Sheet Pan Vegetable Salad,https://www.skinnytaste.com/wp-content/uploads/2020/03/Warm-Curry-Roasted-Vegetable-Salad-3-260x390.jpg,378,10,10,5,"This healthy, Warm Curry Roasted Sheet Pan Vegetable Salad with Honey Curry Dressing is a delicious vegetarian, gluten- and dairy-free dinner or make-ahead lunch. Warm Curry Roasted Sheet Pan..."
99,Instant Pot Spaghetti and Turkey Meatballs,https://www.skinnytaste.com/wp-content/uploads/2020/03/Whole-Wheat-Spaghetti-9-260x390.jpg,480,11,12,6,This one-pot Instant Pot Spaghetti and Turkey Meatballs is a fast and easy dish the kids and whole family will love! Instant Pot Spaghetti and Turkey Meatballs This spaghetti...
100,"Pantry, Refrigerator and Freezer Staples",https://www.skinnytaste.com/wp-content/uploads/2020/03/pantry-260x390.jpg,283,2,8,2,"A list of pantry, refrigerator and freezer staples you should always keep stocked to whip up a healthy meal without a trip to the grocery store. Basic Pantry Staples..."
101,Harissa Shrimp and Chickpeas,https://www.skinnytaste.com/wp-content/uploads/2020/03/Harissa-Shrimp-and-Chickpeas-7-260x390.jpg,283,9,9,9,"This easy Harissa Shrimp and Chickpea dish is super fast, made all in one skillet, and takes under 10 minutes to make. A great way to use pantry and..."
102,Baby Pasta Shells with Asparagus and Marinara Sauce,https://www.skinnytaste.com/wp-content/uploads/2011/04/Baby-Pasta-Shells-with-Asparagus-and-Marinara-Sauce-7-260x390.jpg,110,7,7,7,"Baby Pasta Shells with Asparagus and Marinara Sauce is a quick and easy 4-ingredient pasta dish, perfect for Spring. Ready in under 15 minutes and under ten dollars to..."
103,Green Apple Lemon Cucumber Ginger Smoothie,https://www.skinnytaste.com/wp-content/uploads/2020/03/Green-Apple-Lemon-Cucumber-Ginger-Smoothie-6-260x390.jpg,332,4,9,4,"This healthy, Green Apple Lemon Cucumber and Ginger Smoothie is a great source of many vitamins and minerals, especially vitamin C and a great way to boost your immune..."
104,Za’atar Roasted Carrot and Chickpea Yogurt Bowls,https://www.skinnytaste.com/wp-content/uploads/2020/03/Za_atar-Roasted-Carrots-and-Chickpea-Yogurt-Bowls-4-260x390.jpg,225,3,4,3,Roasted Carrots and Chickpeas seasoned with za’atar and served over Greek yogurt with lemony kale makes a wonderful side dish or meatless main! Za’atar Roasted Carrots and Chickpeas I’ve...
105,Broiled Tilapia with Thai Coconut Curry Sauce,https://www.skinnytaste.com/wp-content/uploads/2010/04/Broiled-Tilapia-with-Thai-Coconut-Curry-7-260x390.jpg,488,11,13,6,"Broiled Tilapia with Thai Coconut Curry Sauce has so much flavor, perfect over jasmine rice to absorb all the delicious sauce. Broiled Tilapia with Thai Coconut Curry Sauce This..."
106,Soba Noodle Veggie Stir Fry,https://www.skinnytaste.com/wp-content/uploads/2020/03/Soba-Noodle-Veggie-Stir-Fry-6-260x390.jpg,,,,,"This spicy Soba Noodle Veggie Stir Fry is a quick and easy meal for one, and perfect as a dairy-free, vegetarian dinner. Soba Noodle Veggie Stir-fry If you love..."
107,Whole Wheat Irish Soda Bread Muffins,https://www.skinnytaste.com/wp-content/uploads/2014/03/Irish-Soda-Bread-Muffins-260x390.jpg,147,6,6,6,"These whole wheat Irish soda bread muffins are delicious, the perfect start a lazy cold March Sunday morning. Speckled with raisins, they are sweet and perfect enjoyed with a..."
108,Creamy Shrimp and Celery Salad,https://www.skinnytaste.com/wp-content/uploads/2008/07/Creamy-Shrimp-and-Celery-Salad-6-260x390.jpg,160,2,3,2,This Creamy Shrimp and Celery Salad is seasoned with Old Bay and lime juice and mixed in a light creamy sauce. Creamy Shrimp and Celery Salad It’s a light...
109,Chorizo Breakfast Bowls,https://www.skinnytaste.com/wp-content/uploads/2020/03/Chorizo-Breakfast-Bowls-7-260x390.jpg,429,7,11,5,Start your day off right with these healthy turkey Chorizo Breakfast Bowls – perfect for making ahead if you need a fast and easy breakfast on the go! Chorizo...
110,Spring Asparagus Risotto,https://www.skinnytaste.com/wp-content/uploads/2013/03/Spring-Asparagus-Risotto-7-260x390.jpg,255,8,8,8,"Creamy asparagus risotto, cooked with fresh herbs, Parmigiano-Reggiano and a touch of lemon. Perfect Spring meatless main dish or wonderful topped with grilled shrimp or scallops. Asparagus Risotto If..."
111,Healthy Cod Fish Tacos,https://www.skinnytaste.com/wp-content/uploads/2020/02/Cod-Fish-Tacos-7-260x390.jpg,342,5,7,5,"This easy, healthy cod fish taco recipe is seasoned with a chili-lime cumin rub topped with slaw and creamy lime sauce – no breading, no frying! Cod Fish Tacos..."
112,Air Fryer Falafel,https://www.skinnytaste.com/wp-content/uploads/2020/02/Air-Fryer-Falafel-6-260x390.jpg,134,1,5,1,This easy Falafel recipe is made quicker and healthier in the air fryer with canned chickpeas – no deep frying! Air Fryer Falafel Falafel is a delicious Middle-Eastern vegetarian...
113,Kung Pao Tofu,https://www.skinnytaste.com/wp-content/uploads/2020/02/Kung-Pao-Tofu-7-260x390.jpg,244,6,8,6,"Kung Pao Tofu, a lighter, healthy (and vegetarian) take on one of my favorite Chinese takeout dishes! So good and loaded with veggies! Kung Pao Tofu I love Chinese..."
114,Sesame Encrusted Chicken Tenders,https://www.skinnytaste.com/wp-content/uploads/2011/08/Sesame-Encrusted-Baked-Chicken-Tenders-4-260x390.jpg,197,4,6,4,"If you like the taste of sesame seeds as much as I do, you’ll love these Sesame Encrusted Chicken Tenders coated with sesame seeds, panko and a hint of..."
115,7-Day Weight-Loss Meal Plan (February 17-23),https://www.skinnytaste.com/wp-content/uploads/2020/02/ST_Weekly_Meal_Template_215_Feb-17_Feb-23-260x390.jpg,,,,,"A free 7-day, flexible weight loss meal plan including breakfast, lunch and dinner and a shopping list. All recipes include calories and updated WW Smart Points. Feb 7-Day Weight-Loss..."
116,Spicy Shrimp Fried Rice,https://www.skinnytaste.com/wp-content/uploads/2009/06/Spicy-Shrimp-Fried-Rice-4-260x390.jpg,307,6,7,1,"Spicy Shrimp Fried Rice made healthier using leftover cooked brown rice, a delicious whole grain that’s high in fiber, so it fills you up. Spicy Shrimp Fried Rice Fried..."
117,Crock Pot Chicken Taco Chili Recipe,https://www.skinnytaste.com/wp-content/uploads/2008/11/crockpot-chicken-taco-chili-8-260x390.jpg,220,0,5,0,Crock Pot Chicken Taco Chili is an easy slow cooker dump recipe using freezer and pantry staples! This has been one of my most popular recipes since 2008! Crock...
118,Cheesy Turkey Meatball Skillet,https://www.skinnytaste.com/wp-content/uploads/2020/02/Cheesy-Turkey-Meatball-Skillet-9-260x390.jpg,356,8,9,8,"Cheesy Turkey Meatball Skillet covered in sauce and cheese, made all in one skillet. Serve this with a green salad and a little bread on the side for dipping!..."
119,Chicken Barley Soup,https://www.skinnytaste.com/wp-content/uploads/2015/02/Chicken-Barley-Soup-2-2-260x390.jpg,262,3,5,1,"As the days get colder, warm up with a bowl of Chicken and Barley Soup, made with carrots, onions, celery, chicken breasts, and pearl barley. Chicken Barley Soup On..."
120,Whole Roasted Baby Cauliflower,https://www.skinnytaste.com/wp-content/uploads/2020/02/Whole-Roasted-Baby-Cauliflower-4-260x390.jpg,46.5,1,1,1,"This simple, Whole Roasted Baby Cauliflower is perfectly charred on the outside and tender in the middle. Made with just four ingredients – salted water, extra-virgin olive oil, coarse..."
121,Cooking With Yogurt – How To Sub Greek Yogurt In Recipes,https://www.skinnytaste.com/wp-content/uploads/2020/01/Skinnytaste-Stonyfield-Yogurt-Chart-v8-260x390.png,125,4,4,4,Easy Greek (and plain) yogurt swaps you can use every day in recipes to cut fat and calories with added health benefits! Cooking and substituting yogurt in recipes expands...
122,Air Fryer Bacon-Burger Bites,https://www.skinnytaste.com/wp-content/uploads/2020/01/Air-Fryer-Burger-Bites-5-260x390.jpg,332,9,10,4,"These bite-sized, air fryer bacon burgers make a great low-carb appetizer – perfect for the Super Bowl. Air Fryer Bacon-Burger Bites Move over, sliders. Get ready for burgers on..."
123,"Pasta with Italian Chicken Sausage, Escarole and Beans",https://www.skinnytaste.com/wp-content/uploads/2012/01/Pasta-with-Italian-Chicken-Sausage-7-260x390.jpg,293,7,8,7,"Pasta with Italian Chicken Sausage, Escarole and Beans is ridiculously good made with lots of garlic, lean Italian chicken sausage, and white cannellini beans. Pasta with Sausage, Escarole and..."
124,Swedish Meatballs,https://www.skinnytaste.com/wp-content/uploads/2011/05/Swedish-Meatballs-5-260x390.jpg,,,,,These tasty Swedish Meatballs are always a hit with my family! They’re lighter than most recipes but still have all the flavor. Swedish Meatballs My family loves these Swedish...
125,"Mixed Baby Greens with Pomegranate, Gorgonzola and Pecans",https://www.skinnytaste.com/wp-content/uploads/2008/11/Mixed-Baby-Greens-with-Pecans-5-260x390.jpg,228,7,7,7,"The beautiful, delicious, fall or winter salad is made with mixed baby greens, pomegranate, Gorgonzola and pecans with a pomegranate vinaigrette. Salad with Pomegranates and Pecans I love adding..."
126,Easy Wonton Soup,https://www.skinnytaste.com/wp-content/uploads/2020/01/Wonton-Soup-7-260x390.jpg,136,2,2,2,"This quick and easy wonton soup is super simple, loaded with veggies and takes under 15 minutes to make thanks to the frozen wontons. Easy Wonton Soup I love..."
127,French Onion Soup,https://www.skinnytaste.com/wp-content/uploads/2009/11/French-Onion-Soup-11-260x390.jpg,312.8,9,9,9,"French onion soup is one of my favorite soups, we order it all the time at our neighborhood restaurant but it’s just as easy to make from scratch and..."
128,Kielbasa Veggie Sheet Pan Dinner,https://www.skinnytaste.com/wp-content/uploads/2020/01/Kielbasa-Sheetpan-Dinner-9-260x390.jpg,270,6,6,6,"Kielbasa Veggie Sheet Pan Dinner is made with turkey kielbasa, asparagus, tomatoes and bell peppers cooked all on one pan, easy cleanup! It’s also Keto, Whole30, Low Carb and..."
129,Low-Carb Turkey Taco Stuffed Avocados,https://www.skinnytaste.com/wp-content/uploads/2020/01/Turkey-Taco-Stuffed-Avocados-5931-260x390.jpg,422,9,9,9,"Taco Tuesday just got a little better with these quick and easy, low-carb Turkey Taco Stuffed Avocados – I’m obsessed! Low-Carb Turkey Taco Stuffed Avocados We love taco nights..."
130,Vegetarian Enchiladas with Butternut Squash and Black Beans,https://www.skinnytaste.com/wp-content/uploads/2013/11/Vegetarian-Enchiladas-20-260x390.jpg,185,3,3,3,"Easy vegetarian enchiladas made with butternut squash and black beans, smothered with enchilada sauce and cheese, then baked in the oven. A delicious recipe that’s perfect for meatless Mondays! Butternut..."
131,Asian Glazed Drumsticks,https://www.skinnytaste.com/wp-content/uploads/2010/07/Asian-Glazed-Drumsticks-7-1-260x390.jpg,335,7,7,7,"Soy sauce, vinegar and Sriracha hot sauce make these Asian-Glazed Chicken Drumsticks savory and delicious – serve over rice or vegetables for an easy meal! Asian Glazed Drumsticks These..."
132,Italian Beef and Spinach Meatballs,https://www.skinnytaste.com/wp-content/uploads/2010/06/Italian-Spinach-and-Beef-Meatballs-9-260x390.jpg,259,4,5,4,"These amazing Italian Beef and Spinach Meatballs would make my husband’s Italian family proud! I snuck some spinach in the meatball mix, but I promise even the pickiest of..."
133,Lemon-Chili Shrimp Quinoa Bowls,https://www.skinnytaste.com/wp-content/uploads/2019/12/Lemon-Shrimp-Quinoa-Bowls-7-260x390.jpg,484,8,10,4,"A quick and easy Lemon-Chili Shrimp Avocado Quinoa Bowl recipe, great for lunch or dinner, or make them ahead for meal prep! Shrimp Quinoa Bowl These quick and easy..."
134,Greek Chicken Meal Prep Rice Bowls,https://www.skinnytaste.com/wp-content/uploads/2020/01/Greek-Chicken-Meal-Prep-4-260x390.jpg,418,10,13,4,Bring the flavors of the Mediterranean to work with these Greek Chicken Meal Prep Rice Bowls – the perfect recipe to make ahead! Greek Chicken Meal Prep These Meal...
135,Top 25 Most Popular Skinnytaste Recipes of 2019,https://www.skinnytaste.com/wp-content/uploads/2020/01/TOP-2019-260x390.jpg,180,4,6,4,Top 25 Most Popular Skinnytaste Recipes of 2019 I hope everyone had a wonderful Holiday season! So many of you have been asking me for this top 25 most...
136,Changua (Colombian Milk and Egg Soup),https://www.skinnytaste.com/wp-content/uploads/2019/12/Changua-6-260x390.jpg,289,8,9,8,"Changua (Colombian Milk and Egg Soup) is a typical breakfast in Bogotá, the capital of Colombia where my mom was born. It’s also know to cure hangovers. In Colombia,..."
137,Breakfast Strata with Sausage and Mushrooms,https://www.skinnytaste.com/wp-content/uploads/2011/12/Breakfast-Sausage-and-Mushroom-Strata-5-260x390.jpg,233,7,8,7,"Breakfast Strata with Sausage and Mushrooms is a make-ahead breakfast casserole made with day old bread, eggs, cheese, sausage and mushrooms. Breakfast Sausage and Mushroom Strata You can make..."
138,Coconut Broth Clams with Lemongrass,https://www.skinnytaste.com/wp-content/uploads/2019/12/Coconut-Broth-Clams-6-260x390.jpg,54,2,2,2,"Asian Coconut Broth Clams made with lemongrass, ginger and cilantro is wonderful when paired with bread for dipping all that delicious broth! Coconut Broth Clams The flavors in this..."
139,Chocolate Chip Clouds,https://www.skinnytaste.com/wp-content/uploads/2013/12/Chocolate-Chip-Clouds-11-260x390.jpg,138,6,6,4,"Light, airy and chewy with chocolate chips in every bite – made with egg whites, sugar and chocolate, these gluten free meringues just melt in your mouth. Chocolate Chip..."
140,Strawberry Squares,https://www.skinnytaste.com/wp-content/uploads/2010/11/Strawberry-Squares-1-2-260x390.jpg,410,9,9,9,"Strawberry Squares, these delicious baked treats are easy to make, feel free to use your favorite pie filling flavor! Strawberry Squares This easy baked dessert is semi-homemade, the cake..."
141,"Arroz Con Pollo, Lightened Up",https://www.skinnytaste.com/wp-content/uploads/2011/01/Arroz-con-Pollo-Lightened-Up-8-260x390.jpg,296,6,10,6,"Authentic Arroz Con Pollo, or Latin chicken and rice, is the ultimate one-pot meal. It’s a classic Colombian dish that I grew up on that I now love to..."
142,Breakfast Casserole with Spinach and Feta,https://www.skinnytaste.com/wp-content/uploads/2019/12/Feta-Breakfast-Bake-9-260x390.jpg,,,,,"This easy Breakfast Casserole recipe is made with eggs, spinach, tomatoes and Feta cheese and only takes a few minutes to whip up. You can make it ahead of..."
143,"One Pan Roasted Potatoes, Sausage and Peppers",https://www.skinnytaste.com/wp-content/uploads/2011/10/One-Pan-Roasted-Potatoes-Sausage-and-Peppers-6-260x390.jpg,325,8,8,4,"One Pan Roasted Potatoes Sausage and Peppers is one of my favorite, fuss-free sheet pan dinners. Perfect for weeknights and bonus points for easy cleanup! Sheet Pan Potatoes, Sausage..."
144,Pork Chops with Mushrooms and Shallots,https://www.skinnytaste.com/wp-content/uploads/2010/12/Pork-Shops-with-Mushrooms-and-Shallots-7-260x390.jpg,180,6,5,5,"These Pork Chops with Mushrooms and Shallots are juicy and flavorful, made with a creamy Dijon sauce perfect for weeknight dinner! Pork Chops with Mushrooms and Shallots This easy..."
145,Yogurt Panna Cotta with Mascerated Berries,https://www.skinnytaste.com/wp-content/uploads/2019/12/Yogurt-Panna-Cotta-4-260x390.jpg,82,3,3,3,"This simple Yogurt Panna Cotta is the perfect smooth, creamy dessert. The cool tang of yogurt pairs perfectly with fresh berries. To macerate the berries simple mix them with..."
146,Low-Fat Chewy Chocolate Chip Oatmeal Cookies,https://www.skinnytaste.com/wp-content/uploads/2011/03/Low-Fat-Chewy-Chocolate-Chip-Oatmeal-Cookies-7-260x390.jpg,190,8,8,7,These Chewy Chocolate Chip Oatmeal Cookies are moist and made light by swapping out most of the butter for applesauce which works great! Chocolate Chip Oatmeal Cookies Chewy and...
147,Stuffed Mushrooms with Broccoli Rabe and Sausage,https://www.skinnytaste.com/wp-content/uploads/2019/12/Broccoli-Rabe-Stuffed-Mushroom-11-260x390.jpg,121,3,3,3,"I’m OBSESSED with these Italian stuffed mushrooms filled with broccoli rabe and sausage, the perfect festive holiday appetizer! Stuffed Mushrooms with Broccoli Rabe Holy moly, these are good! I..."
148,Cacio e Pepe Brussels Sprouts,https://www.skinnytaste.com/wp-content/uploads/2019/12/Cacio-E-Pepe-Brussels-Sprouts-6-260x390.jpg,204,6,6,6,Cacio e Pepe Brussels Sprouts swaps out pasta for shredded Brussels sprouts in this low-carb take on the Italian classic. Cacio e Pepe Brussels Sprouts Cacio e pepe translates...
149,Easy Healthy Turkey Chorizo,https://www.skinnytaste.com/wp-content/uploads/2019/11/Turkey-Chorizo-4-260x390.jpg,116,3,3,3,"A lighter version of Mexican Chorizo made with ground turkey and a smoky spice blend, perfect for adding to eggs, tacos, and more! Turkey Chorizo Recipe I love eating..."
150,Open Faced Turkey Melts,https://www.skinnytaste.com/wp-content/uploads/2019/11/Open-Face-Turkey-Melt-1-3-260x390.jpg,263,6,7,6,Open-Faced Turkey Melts make a quick and easy way to use up your Thanksgiving turkey leftovers! Open-Faced Turkey Melts My favorite turkey salad made with cranberries and celery is...
151,Creamy Pumpkin Ginger Soup,https://www.skinnytaste.com/wp-content/uploads/2019/11/Pumpkin-Ginger-Soup-4-260x390.jpg,145,3,4,3,"This Creamy Pumpkin Ginger Soup is the perfect cozy, fall soup made creamy without adding any cream. Instead, the vegetables and Greek yogurt thicken it! Creamy Pumpkin Ginger Soup..."
152,Butternut Squash Mac and Cheese,https://www.skinnytaste.com/wp-content/uploads/2019/11/Butternut-Squash-Mac-and-Cheese-9-2-260x390.jpg,275,8,8,5,"Butternut Squash Mac and Cheese, a healthier version of macaroni and cheese is so creamy and delicious, no one will ever guess it’s also good for you! Butternut Squash..."
153,Kale Salad with Quinoa and Cranberries,https://www.skinnytaste.com/wp-content/uploads/2019/11/Crowd-Pleasing-Kale-Salad-5-260x390.jpg,226,7,7,5,"This hearty, fall Kale Salad with Quinoa and Cranberries is made even better by massaging the kale which helps break down the tough cell structure and gives the raw..."
154,Sweet Potato Pie,https://www.skinnytaste.com/wp-content/uploads/2010/11/Sweet-Potato-Pie-9-260x390.jpg,208,8,9,6,"A healthy and delicious version of the classic sweet potato pie – a perfect, easy sweet potato dessert recipe for Thanksgiving! In the spirit of the holidays, I bring you..."
155,Whole Roasted Chicken with Lemon and Rosemary,https://www.skinnytaste.com/wp-content/uploads/2010/02/Roast-Chicken-with-Rosemary-_-Lemon-Finals-15-260x390.jpg,322,5,7,5,"Juicy, tender whole roasted chicken seasoned with lemon and rosemary is always a winner in my house! Make two and use the second for meal prep. Whole Roasted Chicken..."
156,Stuffing Muffins,https://www.skinnytaste.com/wp-content/uploads/2019/11/Stuffing-Muffins-2-260x390.jpg,115,3,3,3,Stuffing Muffins aka stuff’in are baked in a muffin tin for easy portion control! This classic stuffing recipe is made even more delicious with Pancetta! Stuffing Muffins Do you...
157,Baked Turkey Croquettes,https://www.skinnytaste.com/wp-content/uploads/2010/11/Turkey-Croquettes-3-260x390.jpg,217,5,5,1,Not sure what to do with all your leftover turkey?  Baked turkey croquettes are the perfect way to use up your leftover holiday turkey! Baked Turkey Croquettes Thanksgiving leftovers...
158,Scalloped Potato Gratin,https://www.skinnytaste.com/wp-content/uploads/2011/11/Skinny-Scalloped-Potato-Gratin-12-260x390.jpg,160,6,6,2,A delicious Scalloped Potato Gratin recipe made with thinly sliced Yukon gold potatoes layered with cheese and a light buttery sauce. Scalloped Potatoes If you love potatoes and cheese...
159,Mashed Sweet Potatoes Brulee,https://www.skinnytaste.com/wp-content/uploads/2011/10/Mashed-Sweet-Potato-Brulee_-8-260x390.jpg,100,5,5,2,Mashed Sweet Potatoes Brulee are seasoned with with a hint of cinnamon and nutmeg topped with a caramelized brown sugar crust. Mashed Sweet Potatoes Brulee Sweet potatoes are a...
160,Cauliflower “Mac” and Cheese,https://www.skinnytaste.com/wp-content/uploads/2019/10/Cauli-Mac-11-260x390.jpg,233,8,8,8,Cheesy Baked Cauliflower “Mac” and Cheese is perfect when you’re craving macaroni and cheese–without the pasta! It’s lower in carbs and each bowl has a healthy amount of vegetables...
161,Baked Chicken Thighs with Brussels and Sweet Potato,https://www.skinnytaste.com/wp-content/uploads/2019/11/Chicken-Thighs-with-Brussels-and-Sweet-Potato-1-4-260x390.jpg,587,11,11,8,"Baked Chicken Thighs with Brussels Sprouts and Sweet Potato, a quick and easy one-pot chicken dinner for a chilly, fall night. Baked Chicken with Brussels and Sweet Potato This..."
162,Air Fryer Turkey Breast,https://www.skinnytaste.com/wp-content/uploads/2018/11/Air-Fryer-Turkey-Breast-2-260x390.jpg,226,4,5,5,"Air Fryer Turkey Breast comes out so moist and juicy and perfectly cooked with a beautiful deep golden brown skin. And bonus, it cooks in a fraction of the..."
163,Cranberry Pear Sauce,https://www.skinnytaste.com/wp-content/uploads/2011/11/Cranberry-Pear-Sauce-2-copy-260x390.jpg,61,2,3,2,"An EASY 3-ingredient cranberry pear sauce! This is my go-to cranberry sauce recipe for the Holidays. I love how the sweet pears compliment the tart cranberries, perfect to add..."
164,Macaroni and Cheese Soup with Broccoli,https://www.skinnytaste.com/wp-content/uploads/2012/01/Macaroni-Cheese-Soup-with-Broccoli-17-260x390.jpg,253,6,6,6,Macaroni and Cheese Soup with Broccoli is comfort food at it’s best! It’s a classic mac turned into a kid-friendly bowl of soup. Macaroni and Cheese Soup Now that...
165,Baked Apple Cider Chicken and Cabbage,https://www.skinnytaste.com/wp-content/uploads/2019/10/Baked-Apple-Cider-Chicken-and-Cabbage-6-260x390.jpg,418,8,8,8,"Baked Apple Cider Chicken and Cabbage is the perfect one-pot fall dish made with cider-marinated chicken, red cabbage and apples. Baked Apple Cider Chicken and Cabbage This one-pot dish..."
166,Banana Nut Bread,https://www.skinnytaste.com/wp-content/uploads/2008/11/Banana-Nut-Bread-7-260x390.jpg,104,4,5,5,"This super moist banana nut bread recipe is insanely delicious and healthier than most because it uses less butter, oil and sugar than most recipes. Banana Nut Bread Banana..."
167,Kalyn’s Stuffed Cabbage Casserole,https://www.skinnytaste.com/wp-content/uploads/2012/01/Stuffed-Cabbage-Casserole_-7-260x390.jpg,251,5,5,3,"This Stuffed Cabbage Casserole is basically a deconstructed version of stuffed cabbage layered with shredded cabbage, ground beef and brown rice cooked in tomatoes then topped with melted cheese...."
168,Slow Cooker French Dip Sandwich with Caramelized Onions,https://www.skinnytaste.com/wp-content/uploads/2014/01/French-Dip-3-260x390.jpg,308,9,9,9,"Slow Cooker French Dip Sandwich with Caramelized Onions filled with beef, melted cheese and au jus (beef broth) for dipping. The perfect weekend crock pot recipe! Slow Cooker French..."
169,Spaghetti with Butternut Leek Parmesan Sauce,https://www.skinnytaste.com/wp-content/uploads/2012/10/Spaghetti-with-Butternut-Leek-Sauce-7-260x390.jpg,266,10,10,8,"Something magical happens to pasta when you combine spaghetti with a creamy butternut sauce made with leeks, sage, garlic and Parmigiano Reggiano. You’ll swear this is full of cream..."
170,Baked Mexican Layer Dip,https://www.skinnytaste.com/wp-content/uploads/2019/10/Mexican-Hot-Bean-Dip-10-260x390.jpg,173,4,4,4,"Grab some chips and dig into this cheesy, Baked Mexican Layer Dip made with spiced ground turkey, refried beans, salsa, green chilies, tomatoes, cheese and avocado. Mexican Layer Dip..."
171,Pumpkin Butter,https://www.skinnytaste.com/wp-content/uploads/2010/10/pumpkin-butter-2-260x390.jpg,42,2,2,2,"Pumpkin lovers will love this easy, pumpkin butter recipe made from scratch. It’s like pumpkin pie in a jar, only better! Delicious smeared on toast, oatmeal, yogurt, and more!..."
172,Cinnamon Apple Yogurt Bowls,https://www.skinnytaste.com/wp-content/uploads/2019/10/Cinnamon-Apple-Yogurt-Bowls-1-9-260x390.jpg,283,6,9,6,"These Cinnamon Apple Yogurt Bowls are like having apple pie for breakfast, without the crust! Cinnamon Apple Yogurt Bowls I’m constantly trying to come up with new breakfast recipes..."
173,Spaghetti Carbonara,https://www.skinnytaste.com/wp-content/uploads/2019/10/Spaghetti-Carbonara-6-260x390.jpg,422,10,12,10,"Spaghetti Carbonara is an Italian pasta dish with creamy egg, diced bacon, grated cheese, and copious amounts of black pepper–a Roman dish reminiscent of an American breakfast. Spaghetti Carbonara..."
174,Crock Pot Picadillo,https://www.skinnytaste.com/wp-content/uploads/2013/01/Crockpot-Picadillo-8-260x390.jpg,207,3,3,3,"Crock Pot Picadillo is a flavorful Cuban dish made with ground beef and a sauce made from simmering tomatoes, green olives, bell peppers, cumin, and spices. Picadillo is a..."
175,Creamy Roasted Cauliflower Chowder,https://www.skinnytaste.com/wp-content/uploads/2019/10/Creamy-Roasted-Cauliflower-Chowder-6-260x390.jpg,205,6,6,6,"This Creamy Roasted Cauliflower Chowder is comfort food without all the calories. Made with roasted cauliflower, which adds deep, caramelized flavor while keeping the soup a little lighter. Creamy..."
176,Pumpkin Cream Cheese Muffins,https://www.skinnytaste.com/wp-content/uploads/2019/10/Pumpkin-Cream-Cheese-Muffins-5-260x390.jpg,170,7,7,7,"Pumpkin Cream Cheese Muffins are moist, delicious and perfectly spiced! A delicious fall breakfast made with canned pumpkin, pumpkin spice and a cream cheese swirl topping. Pumpkin Cream Cheese..."
177,Prosciutto Wrapped Figs with Blue Cheese (Grill or Air Fryer),https://www.skinnytaste.com/wp-content/uploads/2019/10/Prosciutto-Wrapped-Figs-with-Blue-Cheese-3-260x390.jpg,221,5,5,5,"Prosciutto Wrapped Figs with Blue Cheese served on a bed of baby arugula with a light vinaigrette. A delicious combination of salt, acid and sweet. Prosciutto Wrapped Figs with..."
178,Turmeric Roasted Chicken and Sweet Potatoes,https://www.skinnytaste.com/wp-content/uploads/2019/10/Turmeric-Roasted-Chicken-and-Sweet-Potatoes-5-260x390.jpg,516,11,11,8,Caramelized sweet potatoes and shallots are the bed for roasted chicken thighs and legs that come together in this one-pot healthy chicken dinner. Turmeric Roasted Chicken and Sweet Potatoes...
179,Parmesan Crusted Roasted Delicata Squash,https://www.skinnytaste.com/wp-content/uploads/2017/09/Parmesan-Crusted-Delicata-Squash-1-260x390.jpg,232,4,4,4,"Roasted Delicata squash is delicious topped with a Parmesan-herb crust. The edges come out crisp, golden and delicious. Whether you serve it as a healthy snack or a side..."
180,Instant Pot Indian Chicken Pulao,https://www.skinnytaste.com/wp-content/uploads/2019/09/Instant-Pot-Indian-Chicken-Pulao-4-260x390.jpg,396,7,9,7,"Instant Pot Indian Chicken Pulao is a lighter cousin of chicken biryani, a great gateway dish for someone new to Indian food. Similar to a rice pilaf only with..."
181,"Pumpkin Roll, Lightened Up",https://www.skinnytaste.com/wp-content/uploads/2011/11/Pumpkin-Roll-7-260x390.jpg,198,8,8,8,This classic pumpkin roll recipe is made lighter than traditional recipes with a delicious pumpkin spiced sponge cake and a light cream cheese filling. Pumpkin Roll If your like...
182,Eggplant and Tomato Sauce,https://www.skinnytaste.com/wp-content/uploads/2009/10/Eggplant-and-Tomato-Sauce-8-260x390.jpg,127,2,2,2,"This simple Eggplant and Tomato Sauce is delicious, made with diced eggplant stewed in tomatoes and garlic. I love it served over pasta but it’s also great over zucchini..."
183,Air Fryer Bacon Wrapped Scallops,https://www.skinnytaste.com/wp-content/uploads/2019/09/Air-Fryer-Bacon-Wrapped-Scallops-7-260x390.jpg,138,2,3,2,"Air Fryer Bacon Wrapped Scallops are so easy, made with just two ingredients! Elegant enough to impress guests yet easy enough to make any weeknight for your family. Air..."
184,Slow Cooker Pork Carnitas (Mexican Pulled Pork),https://www.skinnytaste.com/wp-content/uploads/2010/03/Slow-Cooker-Carnitas-7-260x390.jpg,160,3,3,3,"Slow Cooker Pork Carnitas or Mexican Pulled Pork is the best Mexican pork recipe whether you stuff it into a tortilla, taco shell or turn it into a burrito..."
185,Mashed Cauliflower,https://www.skinnytaste.com/wp-content/uploads/2010/03/Creamy-Cauliflower-Puree-5-260x390.jpg,62,2,2,2,"Mashed Cauliflower is essentially a creamy cauliflower puree that makes a delicious low-carb or keto alternative to mashed potatoes. Mashed Cauliflower If you’re not concerned about cutting the carbs,..."
186,Baked Oatmeal Recipe with Pears Bananas and Walnuts,https://www.skinnytaste.com/wp-content/uploads/2019/09/Maple-Cinnamon-Banana-Pear-Baked-Oatmeal-with-Walnuts-7-260x390.jpg,225,6,6,4,"Baked oatmeal is like having dessert for breakfast! Made with healthy ingredients—bananas, pears, oats, nuts and maple syrup, it will leave you satisfied all morning. Baked Oatmeal Recipe with..."
187,Baked Sweet Potato (How To Bake Sweet Potatoes),https://www.skinnytaste.com/wp-content/uploads/2019/09/Baked-Sweet-Potatoes-5-260x390.jpg,164,5,5,0,Making a Baked Sweet Potato in the oven is so easy and comes out perfectly sweet and fluffy on the inside with this foolproof recipe. Baked Sweet Potato Roasting...
188,Garlic Lovers Roast Beef,https://www.skinnytaste.com/wp-content/uploads/2013/06/Garlic-Lover’s-Roast-Beef-5-260x390.jpg,142.5,2,3,3,"Garlic Lovers Roast Beef is my family’s favorite roast beef recipe, so flavorful and loaded with garlic as the name implies. Garlic Lovers Roast Beef Vampires beware, there’s garlic..."
189,Spinach Tortellini en Brodo (in Broth),https://www.skinnytaste.com/wp-content/uploads/2010/12/Spinach-Tortellini-En-Brodo-8-260x390.jpg,228,6,6,6,Spinach Tortellini en Brodo (in broth) is an Italian soup made with spinach and cheese tortellini and vegetables in a light broth. Spinach Tortellini en Brodo What can be...
190,Mango-Raspberry Fruit Roll Ups,https://www.skinnytaste.com/wp-content/uploads/2019/09/Mango-Raspberry-Fruit-Leather-9-260x390.jpg,39,1,1,1,"Homemade Mango-Raspberry Fruit Roll Ups, so much healthier than the store-bought kind, and with much less added sugar. Mango-Raspberry Fruit Roll Ups Homemade fruit roll-ups are the perfect school..."
191,Caprese Salad,https://www.skinnytaste.com/wp-content/uploads/2009/07/Caprese-Salad-4-260x390.jpg,100,3,3,3,Caprese Salad or Insalata Caprese is a simple salad of fresh mozzarella and tomatoes topped with basil and a splash of balsamic. A perfect end of summer appetizer or...
192,Wilted Baby Spinach with Garlic and Oil,https://www.skinnytaste.com/wp-content/uploads/2008/06/Wilted-Baby-Spinach-3-260x390.jpg,70,1,1,1,Wilted Baby Spinach with Garlic and Oil is my favorite way to prepare this easy side dish made with just 3 ingredients and ready in under 10 minutes. Wilted...
193,Lemon-Parsley Potato Foil Packets,https://www.skinnytaste.com/wp-content/uploads/2019/08/Lemon-Parsley-Potatoes-in-Foil-5-260x390.jpg,113,3,3,1,"Lemon-Parsley Potato Foil Packets can be grilled or baked in the oven! A delicious side dish, and the best part – easy cleanup! Lemon-Parsley Potato Foil Packets These Lemon-Parlsey..."
194,Houston’s Veggie Burger,https://www.skinnytaste.com/wp-content/uploads/2019/08/Veggie-Burger-8-260x390.jpg,302,6,13,7,"This is a veggie burger that even hearty meat-eaters will love! Made with beans, oats, brown rice, beets and a whole lot of spices, this veggie burger is a..."
195,Air Fried Shishito Peppers,https://www.skinnytaste.com/wp-content/uploads/2019/08/Air-Fryer-Blistered-Shishito-Peppers-4-260x390.jpg,15,0,0,0,"Air Fried Shishito Peppers come out charred and blistered with the air fryer, which uses much less oil! A squeeze of lemon over the top and they are delicious!..."
196,Burma Superstar Chicken Dal Curry,https://www.skinnytaste.com/wp-content/uploads/2019/08/Chicken-Dal-Curry-1-3-260x390.jpg,529,7,9,7,"Chicken Dal Curry is a comforting Burmese stew made with yellow peas, chicken, ginger, turmeric, curry and spices. Chicken Dal Curry Although I don’t want summer to end, I..."
197,Spicy Tuna Poke Bowls,https://www.skinnytaste.com/wp-content/uploads/2019/08/Spicy-Tuna-Poke-Bowls-8-260x390.jpg,397,6,9,5,"Spicy Tuna Poke Bowls made with chunks of fresh tuna, avocado, cucumbers, spicy mayo, scallions cut on the bias served on a bed of steamed rice – YES please!!..."
198,Basil Oil,https://www.skinnytaste.com/wp-content/uploads/2019/08/Basil-Oil-9-260x390.jpg,82,3,3,3,"Making basil oil is so simple, trust me you’ll want to drizzle it all over your chicken, fish, tomatoes, vegetables or with some crusty bread! Basil Olive Oil Every..."
199,BLT Roll Ups with Turkey and Avocado,https://www.skinnytaste.com/wp-content/uploads/2019/07/BLT-Roll-Ups-with-Turkey-and-Avocado-6-260x390.jpg,341,6,9,9,"Easy BLT Roll Ups with Turkey and Avocado are delicious and perfect for school lunch. These pinwheels are delicious, filled with bacon, lettuce, tomato plus lean turkey and avocado..."
200,Orecchiette with Sausage and Broccoli Rabe,https://www.skinnytaste.com/wp-content/uploads/2011/04/Orecchiette-Pasta-with-Chicken-Sausage-_-Broccoli-Rabe-6-260x390.jpg,289,8,9,9,Orecchiette with Sausage and Broccoli Rabe uses chicken sausage in place of pork sausage and a whole lot of garlic! This lightened up version of my favorite Italian classic...
201,Air Fryer Salmon with Maple Soy Glaze,https://www.skinnytaste.com/wp-content/uploads/2019/08/Air-Fryer-Salmon-with-Maple-Soy-Glaze-7-260x390.jpg,292,2,7,2,"Healthy Air Fryer Salmon with Maple Soy Glaze is delicious, and ready in minutes! Air Fryer Salmon I’m obsessed with this air fryer salmon because it truly is so..."
202,Chicken Zucchini Stir Fry,https://www.skinnytaste.com/wp-content/uploads/2019/08/Chicken-and-Zucchini-Stir-Fry-RS-5-260x390.jpg,242,3,5,3,"This quick Chicken and Zucchini Stir Fry is delicious, made with chicken breast, zucchini and an easy stir fry sauce. Chicken Zucchini Stir Fry Perfect for weeknight dinners and..."
203,Homemade Kansas City Style BBQ Sauce,https://www.skinnytaste.com/wp-content/uploads/2012/04/Kansas-City-BBQ-Sauce-9-260x390.jpg,65,3,2,2,"Homemade sweet and spicy Kansas City BBQ sauce made with tomato sauce, honey, molasses, vinegar and spices. Kansas City BBQ Sauce This homemade BBQ sauce is so easy to..."
204,How To Make Perfect Quinoa in the Instant Pot,https://www.skinnytaste.com/wp-content/uploads/2019/08/How-To-Make-Perfect-Quinoa-in-the-Instant-Pot-4-260x390.jpg,81,3,3,0,"A foolproof method for making perfect, fluffy quinoa in the Instant Pot for adding to salads, bowls and so much more. Perfect Instant Pot Quinoa I posted this Black..."
205,Lighter Eggplant Parmesan,https://www.skinnytaste.com/wp-content/uploads/2009/03/Lighter-Eggplant-Parmesan-4-260x390.jpg,255.5,5,6,5,"This Lighter Eggplant Parmesan Recipe is one of my favorite ways to eat eggplant. No breading, no frying, just eggplant, cheese and marinara. Baked Eggplant Parmesan What is eggplant..."
206,"Southwestern Black Bean, Quinoa and Mango Salad",https://www.skinnytaste.com/wp-content/uploads/2015/03/Southwestern-Black-Bean-Quinoa-_-Mango-Medley-8-260x390.jpg,164,2,4,1,"This healthy Southwestern Black Bean, Quinoa and Mango Salad is delicious, a great way to get more vegetables and plant-based foods to your diet. Southwestern Black Bean, Quinoa and..."
207,Baked Corn and Crab Cakes,https://www.skinnytaste.com/wp-content/uploads/2012/08/Skinnytaste-Baked-Corn-Crab-Cakes-6-260x390.jpg,97,3,4,2,Deliciously Baked Corn and Crab Cakes made with lump crab and sweet summer corn. Bake them in the oven or air fryer! Baked Corn and Crab Cakes If you...
208,Lobster Rolls,https://www.skinnytaste.com/wp-content/uploads/2011/06/Lobster-Rolls-9-260x390.jpg,223,5,6,5,"Lobster Rolls scream summer to me! Made with chunks of chilled lobster tossed with celery, shallots, chives, light mayonnaise and a little lemon zest served on a hot dog..."
209,Tzatziki Fish Tacos,https://www.skinnytaste.com/wp-content/uploads/2019/07/Tzatziki-Fish-Tacos-6-260x390.jpg,350,6,8,6,"Tzatziki Fish Tacos have a Greek twist! Crisp breaded fish fillets served on tortillas topped with tzatziki sauce made with Greek yogurt, cucumbers and fresh herbs. I love fish..."
210,Buffalo Shrimp Lettuce Wraps,https://www.skinnytaste.com/wp-content/uploads/2019/07/Buffalo-Shrimp-Lettuce-Wraps-7-260x390.jpg,242,4,5,4,"These easy, low-carb Buffalo Shrimp Lettuce Wraps are spicy, light and delicious topped with celery and blue cheese or ranch dressing. Ready in under 15 minutes! Buffalo Shrimp Lettuce..."
211,Air Fryer Chicken Milanese with Baby Arugula,https://www.skinnytaste.com/wp-content/uploads/2019/07/Air-Fryer-Chicken-Milanese-5-260x390.jpg,219,4,4,2,"Crisp, golden, delicious Air Fryer Chicken Milanese with Baby Arugula and lemon wedges is one of my favorite dinner recipes! Air Fryer Chicken Milanese Chicken cutlets have always been..."
212,Bruschetta with Tomato and Basil,https://www.skinnytaste.com/wp-content/uploads/2008/04/Bruschetta-4-260x390.jpg,49.6,2,2,2,"Bruschetta with Tomato and Basil, one of my favorite ways to use up all my summer tomatoes is with this simple appetizer or side dish. Bruschetta with Tomato and..."
213,Buttermilk Marinated Air Fryer Whole Roasted Chicken,https://www.skinnytaste.com/wp-content/uploads/2019/07/Buttermilk-Roast-Chicken-in-the-Air-Fryer-6-260x390.jpg,329,1,1,1,"This Buttermilk-Marinated Air Fryer Whole Roasted Chicken comes out unbelievably juicy and delicious. It’s so easy to make, just 3 ingredients! Air Fryer Whole Chicken This easy weeknight whole..."
214,Perfectly Grilled Zucchini Recipe,https://www.skinnytaste.com/wp-content/uploads/2019/07/Perfectly-Grilled-Zucchini-11-1-260x390.jpg,48,,,,"Make Perfectly Grilled Zucchini all summer long! Quick and easy, great as a side dish with anything you’re grilling. Grilled Zucchini Zucchini is one of my favorite vegetables, I..."
215,"Red, White and Blueberry Trifle",https://www.skinnytaste.com/wp-content/uploads/2015/06/red-white-and-blueberry-trifle-260x390.jpg,169,8,9,8,"A heavenly mixed berry trifle made with fresh summer blueberries and strawberries, white chocolate pudding, angel food cake, and whipped cream. Red, White and Blueberry Trifle This Red, White..."
216,Grilled Vegetable Platter with Yogurt Mint Sauce,https://www.skinnytaste.com/wp-content/uploads/2019/06/Grilled-Vegetable-Platter-with-Yogurt-Mint-Sauce-6-260x390.jpg,196,3,3,3,"This beautiful, Grilled Vegetables Platter with Yogurt Mint Sauce is so colorful and delicious. An easy summer side dish made with asparagus, zucchini, squash, red onion and bell peppers...."
217,Zesty Lime Shrimp and Avocado Salad,https://www.skinnytaste.com/wp-content/uploads/2015/06/Zesty-Lime-Shrimp-_-Avocado-Salsa-9-260x390.jpg,197,2,4,2,"Zesty Lime Shrimp and Avocado Salad, a light and refreshing salad that requires no cooking! Lime juice and cilantro are the key ingredients to creating this wonderful, healthy salad..."
218,Breakfast BLT,https://www.skinnytaste.com/wp-content/uploads/2019/06/BLT-Egg-Sandwich-8-260x390.jpg,288,6,8,6,"Breakfast BLT made with center cut bacon, lettuce, tomato and egg on whole wheat bread. Add a fried egg or hard boiled egg to a classic BLT sandwich and..."
219,Mexican Shrimp Diablo,https://www.skinnytaste.com/wp-content/uploads/2019/06/Mexican-Shrimp-Diablo-6-260x390.jpg,281,3,6,3,"This delicious Mexican Shrimp dish is made with saucy Chipotle shrimp served over a bed of corn, zucchini, and red onions, and served with a side of avocado. Mexican..."
220,Salmon Avocado Salad,https://www.skinnytaste.com/wp-content/uploads/2019/06/Salmon-Avocado-Salad-8-260x390.jpg,329,5,8,5,This Salmon Avocado Salad is made with my two favorite super foods – avocado and wild salmon. I could eat this every day! Salmon Avocado Salad With the warmer...
221,Campfire Dinner Meatloaf Foil Packets,https://www.skinnytaste.com/wp-content/uploads/2019/06/Campfire-Meatloaf-Dinner-Foil-7-260x390.jpg,397,8,12,7,"These Campfire Meatloaf Foil Packets are great for camping, glamping or for an easy weeknight dinner made with turkey meatloaf, BBQ sauce and succotash. I used to go camping..."
222,Chicken Chimichangas (Air Fryer or Baked),https://www.skinnytaste.com/wp-content/uploads/2019/05/1548_ST_Airfryer_chim_Daily-260x390.jpg,391,6,8,7,"Chimichangas, deep-fried burritos popular in Tex-Mex cuisine, are seriously delicious, but usually dripping in grease and loaded with calories. These lighter chicken, green chile, and pepper Jack cheese Chimichangas..."
223,Chickpea Salad with Cucumbers and Tomatoes,https://www.skinnytaste.com/wp-content/uploads/2019/06/Cucumber-Chickpea-Salad-8-260x390.jpg,182,1,5,1,"This healthy, summer Chickpea Salad with cucumbers and tomatoes is great for lunch or as a side dish with anything you’re grilling! Chickpea Salad I’m always craving chickpeas, it’s..."
224,Perfect Air Fryer Chicken Breast – No Breading!,https://www.skinnytaste.com/wp-content/uploads/2019/06/How-To-Make-Juicy-Air-Fryer-Chicken-Breasts-9-260x390.jpg,208,0,3,0,"This foolproof recipe for making boneless air fryer chicken breast that’s perfectly juicy every time! Perfect Air Fryer Chicken Breast The secret to making the juiciest, most flavorful chicken..."
225,Easy Inside Out Turkey Cheeseburgers,https://www.skinnytaste.com/wp-content/uploads/2019/06/Inside-Out-Turkey-Cheeseburgers-7-260x390.jpg,309,8,8,8,"These juicy, Turkey Burgers Stuffed with Cheese are simple and delicious! Instead of topping your turkey burger with cheese, they’re stuffed it stays melted and gooey. Turkey Burgers Stuffed..."
226,Air Fryer Asian-Glazed Boneless Chicken Thighs,https://www.skinnytaste.com/wp-content/uploads/2019/06/Air-Fryer-Asian-Glazed-Boneless-Chicken-Thighs-4-260x390.jpg,297,7,7,7,"These Air Fryer Asian-Glazed Boneless Chicken Thighs come out so juicy and delicious, I’m simply obsessed with this recipe! Air Fryer Chicken Thighs When you think of air fryers..."
227,Taco Stuffed Zucchini Boats,https://www.skinnytaste.com/wp-content/uploads/2013/07/Turkey-Taco-Zucchini-Boats-1-7-260x390.jpg,269,5,5,5,"These low-carb stuffed turkey taco zucchini boats are so easy and delicious, a fun twist on taco night! Taco Stuffed Zucchini Boats This has become a favorite in my..."
228,Grilled Cumin Spiced Pork Tenderloin,https://www.skinnytaste.com/wp-content/uploads/2014/06/Skinnytaste-Grilled-Cumin-Spiced-Pork-Tenderloin-9-260x390.jpg,162,3,3,2,"This easy Grilled Cumin Spiced Pork Tenderloin is perfect for summer nights. I season it with a quick, flavorful rub then throw it on the grill. While it cooks for..."
229,Vegan Caesar Salad,https://www.skinnytaste.com/wp-content/uploads/2019/06/Grilled-Romaine-Vegan-Caesar-Wedges-9-260x390.jpg,123,3,8,1,"This Vegan Caesar Salad is delicious! The Caesar Salad dressing is made with raw cashews to make it creamy along with lemon juice, Dijon, garlic and capers. Vegan Caesar..."
230,Pineapple Shrimp Fried Rice,https://www.skinnytaste.com/wp-content/uploads/2011/07/Pineapple-Shrimp-Fried-Rice-10-260x390.jpg,431,8,6,0,"Pineapple Shrimp Fried Rice has a delicious flavor combination of savory, sweet and spicy. Serve it in hollowed out pineapples for a beautiful presentation! Pineapple Shrimp Fried Rice I..."
231,Air Fryer Cajun Shrimp Dinner,https://www.skinnytaste.com/wp-content/uploads/2019/05/Air-Fryer-Cajun-Shrimp-Dinner-2-260x390.jpg,284,5,4,5,"This fast and easy Air Fryer Cajun Shrimp recipe is a meal-in-one, made with shrimp, sausage, and lots of colorful vegetables such as zucchini, yellow squash and bell peppers...."
232,"Red, White and Blueberry Cheesecake Cupcakes",https://www.skinnytaste.com/wp-content/uploads/2012/05/red-white-and-blueberry-cheesecake-cupcakes-260x367.jpg,98,4,,5,"Mini cheesecake cupcakes made with Greek yogurt and cream cheese with a vanilla wafer crust topped with strawberries and blueberries to create a red, white and blue dessert using..."
233,Honey Sriracha Chicken and Broccoli Meal Prep Bowls,https://www.skinnytaste.com/wp-content/uploads/2019/05/Honey-Sriracha-Chicken-and-Broccoli-Meal-Prep-Bowls-10-260x390.jpg,428,7,7,4,"This easy meal-prep honey-sriracha chicken and broccoli dish, which can also be served as a main dish, is made on a sheet pan and comes together quick! Honey Sriracha..."
234,California Grilled Chicken Avocado and Mango Salad,https://www.skinnytaste.com/wp-content/uploads/2012/05/GRILLED-CHICKEN-AVOCADO-AND-MANGO-SALAD-3-260x390.jpg,258,4,6,4,"Grilled Chicken pairs beautifully with avocados and mangoes in this delicious salad, perfect for those warmer nights you don’t want to heat up the kitchen. California Grilled Chicken Avocado..."
235,Basil-Parmesan Crusted Salmon (Air Fryer or Oven),https://www.skinnytaste.com/wp-content/uploads/2019/05/Air-Fryer-Basil-Parmesan-Salmon-8-260x390.jpg,289,3,6,3,"I’m obsessed with this Basil-Parmesan Crusted Salmon recipe! I make this in the air fryer, it’s quick and easy, and the fish comes out so juicy inside. Air Fryer..."
236,Potato and Green Bean Salad,https://www.skinnytaste.com/wp-content/uploads/2009/02/Potato-and-Green-Bean-Salad-6-260x390.jpg,153,5,5,2,"This Potato and Green Bean Salad with balsamic vinaigrette is a delicious mayo-free potato salad, perfect for potlucks and a great side dish with anything you’re grilling! Potato and..."
237,Mediterranean Sea Bass,https://www.skinnytaste.com/wp-content/uploads/2019/05/Mediterranean-Sea-Bass-10-260x390.jpg,362,4,6,4,"This healthy Mediterranean Sea Bass is smothered in a piquant, healthy, Mediterranean-inspired sauce made from tomatoes, white wine, fennel and olives. Mediterranean Sea Bass Recipe It has a light,..."
238,Everything Parmesan Crisps,https://www.skinnytaste.com/wp-content/uploads/2019/05/Everything-Parmesan-Crisps-5-260x390.jpg,66,2,2,2,"I love making these Everything Parmesan Crisps as a low-carb snack, to add to Caesar salad in place of croutons, with soup, or a great addition to any charcuterie..."
239,Green Detox Soup with Toasted Hemp Gremolata,https://www.skinnytaste.com/wp-content/uploads/2019/05/Actually-Delicious-Green-Detox-Soup-with-Toasted-Hemp-Gremolata-5-260x390.jpg,413,6,6,6,"Delicious Green Detox Soup with Toasted Hemp Gremolata is not your typical detox soup, this one is loaded with healthy fats and hemp seeds, a complete protein so it..."
240,Air Fryer Hard “Boiled” Eggs,https://www.skinnytaste.com/wp-content/uploads/2019/05/Air-Fryer-Hard-Boiled-Eggs-2-260x390.jpg,78,0,4,0,"Making hard boiled eggs in the air fryer is so quick and easy, no water needed! Air Fryer Hard Boiled Eggs I eat hard boiled eggs for breakfast or..."
241,Avocado Egg Rolls and The Skinnytaste By Vremi Air Fryer,https://www.skinnytaste.com/wp-content/uploads/2019/04/Avocado-Egg-Rolls-with-Sweet-and-Spicy-Dipping-Sauce-11-260x390.jpg,148,4,4,4,"These easy Air Fryer Avocado Egg Rolls are inspired by the Cheesecake Factory egg rolls, only healthier because they are not fried. Avocado Egg Rolls If you like guacamole,..."
242,Smoked Salmon Breakfast Flatbread,https://www.skinnytaste.com/wp-content/uploads/2019/04/Smoked-Salmon-Breakfast-Flatbread-7-260x390.jpg,247,6,7,6,"These everything bagel flatbreads, which are great for breakfast or breakfast-for-dinner combine two of my favorite foods – lox and everything bagel seasoning! Smoked Salmon Breakfast Flatbread I used..."
243,Ranch Chicken Salad,https://www.skinnytaste.com/wp-content/uploads/2019/04/RANCH-CHICKEN-SALAD-11-260x390.jpg,167,3,5,3,This light and easy chicken salad recipe made with leftover rotisserie chicken breast meat and my homemade ranch dressing. Great for lunch and meal prep! Ranch Chicken Salad I...
244,Skinnytaste Air Fryer Cookbook: Get a Free 39-Page Bonus Download with Your Pre-Order,https://www.skinnytaste.com/wp-content/uploads/2019/04/Cover-Skinnytaste_Air-Fryer_Bonus-Pack_FNL-2-260x390.jpg,215,5,6,5,"I’m beyond excited that in just a few short weeks my new cookbook The Skinnytaste Air Fryer Cookbook will finally be hitting bookstores May 7, but it’s available to..."
245,Crustless Ham and Cheese Quiche,https://www.skinnytaste.com/wp-content/uploads/2019/04/Ham-and-Swiss-Crustless-Quiche-5-260x390.jpg,79,2,2,2,"This low-carb Crustless Ham and Cheese Quiche is light and delicious, perfect for breakfast or brunch (or even a light dinner)! Made with a leftover ham or ham steak,..."
246,Strawberries Romanoff,https://www.skinnytaste.com/wp-content/uploads/2010/04/Strawberries-Romanoff-260x390.jpg,139,6,6,6,"Strawberries Romanoff – a quick and easy light dessert recipe is made with just 3 ingredients, perfect for any night of the week! Strawberries Romanoff My Mom made this..."
247,Key Lime Yogurt Pie,https://www.skinnytaste.com/wp-content/uploads/2019/04/Key-Lime-Yogurt-Pie-7-260x390.jpg,454,8,10,9,"This easy Key Lime Yogurt Pie is a cross between a key lime pie and a key lime cheesecake with a light, creamy filling that is sweet and tart,..."
248,Chicken Parmesan Lasagna,https://www.skinnytaste.com/wp-content/uploads/2019/03/Chicken-Parmesan-Lasagna-2-2-260x390.jpg,118,4,4,4,"I combined two of my favorite foods – Chicken Parmesan and Lasagna to make this delicious Chicken Parmesan Lasagna, the perfect family-friendly dish to feed a large crowd! Chicken..."
249,Quickest Cast-Iron Thin Crust Pizza,https://www.skinnytaste.com/wp-content/uploads/2019/04/Easy-Tortilla-Thin-Crust-Pizza-4-260x390.jpg,326,6,10,6,"I’m obsessed with this Super-Quick Cast-Iron Thin Crust Pizza technique made with tortillas instead of dough. Cast-Iron Thin Crust Pizza We are are a pizza loving family, in the..."
250,Tex Mex Migas,https://www.skinnytaste.com/wp-content/uploads/2019/04/Tex-Mex-Migas-9-260x390.jpg,,,,,"Migas is a popular Tex Mex breakfast dish made with chopped corn tortillas, cheese, tomatoes, jalapeños, and onions. I serve it plated with tortillas on the side, but they..."
251,Chicken and Asparagus Lemon Stir Fry,https://www.skinnytaste.com/wp-content/uploads/2014/03/Chicken-and-Asparagus-Lemon-Stir-Fry-5-260x390.jpg,268,1,4,1,"This quick weeknight Chicken and Asparagus Lemon Stir Fry is perfect for spring, made with lean chicken breast, asparagus, fresh lemon, garlic and ginger. Chicken and Asparagus Lemon Stir..."
252,Easy Turkey Meatloaf Recipe,https://www.skinnytaste.com/wp-content/uploads/2009/02/turkey-meatloaf-8-260x390.jpg,259,3,5,3,"Turkey meatloaf is a favorite in our house! This healthy meatloaf recipe, made with lean ground turkey is easy and delicious. Turkey Meatloaf My family loves meatloaf so much,..."
253,BBQ Chicken Quesadilla,https://www.skinnytaste.com/wp-content/uploads/2019/04/BBQ-Quesadilla-1-2-260x390.jpg,325,5,7,6,"This BBQ Chicken Quesadilla is a fun twist on traditional quesadillas. Made with chicken breast, BBQ sauce, cheese, red onion and cilantro on a high fiber whole wheat tortilla...."
254,Veggie Ham and Cheese Breakfast Egg Casserole,https://www.skinnytaste.com/wp-content/uploads/2014/05/Veggie-Ham-Egg-Cheese-Casserole-260x363.jpg,152,2,4,3,Make this delicious and easy Veggie Ham and Cheese Breakfast Egg Casserole for brunch or make it ahead for meal prep for the week. Veggie Ham and Cheese Egg...
255,Honey Lemon Bars with Whole Wheat Shortbread Crust,https://www.skinnytaste.com/wp-content/uploads/2012/06/Skinny-Honey-Lemon-Bars-12-260x390.jpg,135,6,6,6,"Pucker Up! These sweet and tangy Honey Lemon Bars made with fresh lemon, lemon zest and honey and a whole wheat shortbread crust are a little lighter than traditional..."
256,Freezer Breakfast Burritos,https://www.skinnytaste.com/wp-content/uploads/2019/03/breakfast-burritos-1-11-260x390.jpg,261,4,7,4,"These freezer breakfast burritos, stuffed with scrambled eggs, scallions, bell pepper, bacon and cheese, are a great way to start the day! Make them ahead and freeze them for..."
257,Heather’s Buddha Bowl,https://www.skinnytaste.com/wp-content/uploads/2019/03/Heather_s-Buddha-Bowl-7-1-260x390.jpg,372,7,10,4,"This easy Buddha Bowl is made with roasted broccoli, butternut squash, and onions piled on top of whole grain rice and topped with sliced avocado, a sunny-side fried egg,..."
258,How To Make Perfect Hard Boiled Eggs,https://www.skinnytaste.com/wp-content/uploads/2017/04/Perfect-Instant-Pot-Eggs-1-2-1-260x390.jpg,77,0,2,0,Having hard boiled eggs on hand for quick breakfast on the go or to add to salads and sandwiches makes busy weekdays so much easier. This foolproof stove top...
259,Swiss Chard Eggs Benedict,https://www.skinnytaste.com/wp-content/uploads/2019/03/Swiss-Chard-Eggs-Benedict-8-260x390.jpg,244,4,3,3,"I love this lighter take on Eggs Benedict made with Canadian bacon, Swiss chard and poached eggs on a whole wheat English muffin. Perfect for breakfast or brunch! Swiss..."
260,"Shrimp, Peas and Rice",https://www.skinnytaste.com/wp-content/uploads/2009/05/Shrimp-Peas-_-Rice-9-260x390.jpg,346,8,8,3,"This Shrimp, Peas and Rice dish is a family favorite! It’s quick to cook and requires no chopping, easy prep!! Shrimp, Peas and Rice Last week I shared this..."
261,Apricot-Rum Glazed Spiral Ham,https://www.skinnytaste.com/wp-content/uploads/2017/04/Apricot-Rum-Glazed-Spiral-Ham-2-260x390.jpg,145,4,4,4,"Apricot-Rum Glazed Spiral Ham is perfect for the Holidays, and easy since the ham is already cooked you’re basically just heating it up and adding your own glaze. Apricot-Rum..."
262,Green Bean Salad,https://www.skinnytaste.com/wp-content/uploads/2009/03/Green-Bean-Salad-8-260x390.jpg,176,5,3,3,"One of my favorite ways to enjoy green beans–in a chilled green bean salad! The delicious flavors of these balsamic green beans made with black olives, scallions and eggs..."
263,Cream of Asparagus Soup,https://www.skinnytaste.com/wp-content/uploads/2016/02/creamyasparagussoup-260x390.jpg,81,1,1,1,"I LOVE cream of asparagus soup, it’s pure comfort in a bowl and so simple to make. This recipe is made with just 5 ingredients, not counting salt and..."
264,Yogurt Waffles,https://www.skinnytaste.com/wp-content/uploads/2019/03/Yogurt-Waffles-8-260x390.jpg,195,4,4,4,Whip up these protein-packed yogurt waffles for breakfast & freeze the rest for easy meal prep! A simple recipe that makes fluffy waffles you’ll love. Easy Yogurt Waffles Recipe...
265,Sesame Crusted Tuna Steak on Arugula,https://www.skinnytaste.com/wp-content/uploads/2008/03/Sesame-Tuna-1-7-260x390.jpg,290,6,6,6,Sesame Crusted Tuna Steak on Arugula drizzled with a balsamic soy-ginger vinaigrette –all I can say is yum! This is an easy main course salad or appetizer.   Sesame...
266,White Bean Turkey Chili,https://www.skinnytaste.com/wp-content/uploads/2008/03/white-bean-chili-5-260x390.jpg,307,4,7,4,"A delicious, creamy White Bean Turkey Chili recipe made with canned white beans, ground turkey, aromatics and spices – no tomatoes! White Bean Turkey Chili This easy chili can..."
267,Shrimp Scampi with Broccoli Orzo,https://www.skinnytaste.com/wp-content/uploads/2019/03/Shrimp-Scampi-with-Broccoli-Orzo-6-260x390.jpg,282,7,7,7,This quick and easy Shrimp Scampi with Broccoli Orzo is a dish the whole family will love and it’s ready in under 30 minutes! Shrimp Orzo Shrimp scampi is...
268,Slow Cooker Split Pea Soup,https://www.skinnytaste.com/wp-content/uploads/2019/03/Slow-Cooker-Split-Pea-Soup-6-260x390.jpg,325,2,2,2,"Making Split Pea Soup in the Slow Cooker is so easy and perfect for busy weeknight meals. It’s also freezer friendly, so you can make a batch and freeze..."
